Source,Target,Type,
263,0,structure_shacking_lead,
264,0,structure_shacking_lead,
265,0,structure_shacking_lead,
266,263,oil_pad_voltage_instability_shack,
267,263,motor_error_shack,
268,263,motor_error_shack,
1277,263,strong_wind_shack,
255,263,motor_error_lead,
250,265,motor_error_lead,
251,265,motor_error_lead,
252,265,motor_error_lead,
253,265,motor_error_lead,
255,265,motor_error_lead,
1280,264,strong_wind_shack,
1268,1,targe_star_not_bright,
1269,1,wavefront_sensor_error,
1270,1,wavefront_sensor_error,
1293,1,active_optics_operate_step_error,
1287,1,bad_seeing_lead,
1291,1,bad_sseing_lead,
1292,1268,target_star_selection_error,
1288,1268,bright_night_sky,
1280,1287,lead_seeing_poor,
1281,1287,lead_seeing_poor,
1282,1287,lead_seeing_poor,
1283,1291,lead_doom_seeing_poor,
1284,1291,lead_doom_seeing_poor,
1285,1291,lead_doom_seeing_poor,
259,1284,not_open_lead,
260,1284,not_open_lead,
261,1284,not_open_lead,
261,1284,not_open_lead,
452,1,force_actuator_error_lead,
453,1,force_actuator_error_lead,
454,1,force_actuator_error_lead,
455,1,force_actuator_error_lead,
456,1,force_actuator_error_lead,
457,1,force_actuator_error_lead,
458,1,force_actuator_error_lead,
459,1,force_actuator_error_lead,
460,1,force_actuator_error_lead,
461,1,force_actuator_error_lead,
462,1,force_actuator_error_lead,
463,1,force_actuator_error_lead,
464,1,force_actuator_error_lead,
465,1,force_actuator_error_lead,
466,1,force_actuator_error_lead,
467,1,force_actuator_error_lead,
468,1,force_actuator_error_lead,
469,1,force_actuator_error_lead,
470,1,force_actuator_error_lead,
471,1,force_actuator_error_lead,
472,1,force_actuator_error_lead,
473,1,force_actuator_error_lead,
474,1,force_actuator_error_lead,
475,1,force_actuator_error_lead,
476,1,force_actuator_error_lead,
477,1,force_actuator_error_lead,
478,1,force_actuator_error_lead,
479,1,force_actuator_error_lead,
480,1,force_actuator_error_lead,
481,1,force_actuator_error_lead,
482,1,force_actuator_error_lead,
483,1,force_actuator_error_lead,
484,1,force_actuator_error_lead,
485,1,force_actuator_error_lead,
486,1,force_actuator_error_lead,
487,1,force_actuator_error_lead,
488,1,force_actuator_error_lead,
489,1,force_actuator_error_lead,
490,1,force_actuator_error_lead,
491,1,force_actuator_error_lead,
492,1,force_actuator_error_lead,
493,1,force_actuator_error_lead,
494,1,force_actuator_error_lead,
495,1,force_actuator_error_lead,
496,1,force_actuator_error_lead,
497,1,force_actuator_error_lead,
498,1,force_actuator_error_lead,
499,1,force_actuator_error_lead,
500,1,force_actuator_error_lead,
501,1,force_actuator_error_lead,
502,1,force_actuator_error_lead,
503,1,force_actuator_error_lead,
504,1,force_actuator_error_lead,
505,1,force_actuator_error_lead,
506,1,force_actuator_error_lead,
507,1,force_actuator_error_lead,
508,1,force_actuator_error_lead,
509,1,force_actuator_error_lead,
510,1,force_actuator_error_lead,
511,1,force_actuator_error_lead,
512,1,force_actuator_error_lead,
513,1,force_actuator_error_lead,
514,1,force_actuator_error_lead,
515,1,force_actuator_error_lead,
516,1,force_actuator_error_lead,
517,1,force_actuator_error_lead,
518,1,force_actuator_error_lead,
519,1,force_actuator_error_lead,
520,1,force_actuator_error_lead,
521,1,force_actuator_error_lead,
522,1,force_actuator_error_lead,
523,1,force_actuator_error_lead,
524,1,force_actuator_error_lead,
525,1,force_actuator_error_lead,
526,1,force_actuator_error_lead,
527,1,force_actuator_error_lead,
528,1,force_actuator_error_lead,
529,1,force_actuator_error_lead,
530,1,force_actuator_error_lead,
531,1,force_actuator_error_lead,
532,1,force_actuator_error_lead,
533,1,force_actuator_error_lead,
534,1,force_actuator_error_lead,
535,1,force_actuator_error_lead,
536,1,force_actuator_error_lead,
537,1,force_actuator_error_lead,
538,1,force_actuator_error_lead,
539,1,force_actuator_error_lead,
540,1,force_actuator_error_lead,
541,1,force_actuator_error_lead,
542,1,force_actuator_error_lead,
543,1,force_actuator_error_lead,
544,1,force_actuator_error_lead,
545,1,force_actuator_error_lead,
546,1,force_actuator_error_lead,
547,1,force_actuator_error_lead,
548,1,force_actuator_error_lead,
549,1,force_actuator_error_lead,
550,1,force_actuator_error_lead,
551,1,force_actuator_error_lead,
552,1,force_actuator_error_lead,
553,1,force_actuator_error_lead,
554,1,force_actuator_error_lead,
555,1,force_actuator_error_lead,
556,1,force_actuator_error_lead,
557,1,force_actuator_error_lead,
558,1,force_actuator_error_lead,
559,1,force_actuator_error_lead,
560,1,force_actuator_error_lead,
561,1,force_actuator_error_lead,
562,1,force_actuator_error_lead,
563,1,force_actuator_error_lead,
564,1,force_actuator_error_lead,
565,1,force_actuator_error_lead,
566,1,force_actuator_error_lead,
567,1,force_actuator_error_lead,
568,1,force_actuator_error_lead,
569,1,force_actuator_error_lead,
570,1,force_actuator_error_lead,
571,1,force_actuator_error_lead,
572,1,force_actuator_error_lead,
573,1,force_actuator_error_lead,
574,1,force_actuator_error_lead,
575,1,force_actuator_error_lead,
576,1,force_actuator_error_lead,
577,1,force_actuator_error_lead,
578,1,force_actuator_error_lead,
579,1,force_actuator_error_lead,
580,1,force_actuator_error_lead,
581,1,force_actuator_error_lead,
582,1,force_actuator_error_lead,
583,1,force_actuator_error_lead,
584,1,force_actuator_error_lead,
585,1,force_actuator_error_lead,
586,1,force_actuator_error_lead,
587,1,force_actuator_error_lead,
588,1,force_actuator_error_lead,
589,1,force_actuator_error_lead,
590,1,force_actuator_error_lead,
591,1,force_actuator_error_lead,
592,1,force_actuator_error_lead,
593,1,force_actuator_error_lead,
594,1,force_actuator_error_lead,
595,1,force_actuator_error_lead,
596,1,force_actuator_error_lead,
597,1,force_actuator_error_lead,
598,1,force_actuator_error_lead,
599,1,force_actuator_error_lead,
600,1,force_actuator_error_lead,
601,1,force_actuator_error_lead,
602,1,force_actuator_error_lead,
603,1,force_actuator_error_lead,
604,1,force_actuator_error_lead,
605,1,force_actuator_error_lead,
606,1,force_actuator_error_lead,
607,1,force_actuator_error_lead,
608,1,force_actuator_error_lead,
609,1,force_actuator_error_lead,
610,1,force_actuator_error_lead,
611,1,force_actuator_error_lead,
612,1,force_actuator_error_lead,
613,1,force_actuator_error_lead,
614,1,force_actuator_error_lead,
615,1,force_actuator_error_lead,
616,1,force_actuator_error_lead,
617,1,force_actuator_error_lead,
618,1,force_actuator_error_lead,
619,1,force_actuator_error_lead,
620,1,force_actuator_error_lead,
621,1,force_actuator_error_lead,
622,1,force_actuator_error_lead,
623,1,force_actuator_error_lead,
624,1,force_actuator_error_lead,
625,1,force_actuator_error_lead,
626,1,force_actuator_error_lead,
627,1,force_actuator_error_lead,
628,1,force_actuator_error_lead,
629,1,force_actuator_error_lead,
630,1,force_actuator_error_lead,
631,1,force_actuator_error_lead,
632,1,force_actuator_error_lead,
633,1,force_actuator_error_lead,
634,1,force_actuator_error_lead,
635,1,force_actuator_error_lead,
636,1,force_actuator_error_lead,
637,1,force_actuator_error_lead,
638,1,force_actuator_error_lead,
639,1,force_actuator_error_lead,
640,1,force_actuator_error_lead,
641,1,force_actuator_error_lead,
642,1,force_actuator_error_lead,
643,1,force_actuator_error_lead,
644,1,force_actuator_error_lead,
645,1,force_actuator_error_lead,
646,1,force_actuator_error_lead,
647,1,force_actuator_error_lead,
648,1,force_actuator_error_lead,
649,1,force_actuator_error_lead,
650,1,force_actuator_error_lead,
651,1,force_actuator_error_lead,
652,1,force_actuator_error_lead,
653,1,force_actuator_error_lead,
654,1,force_actuator_error_lead,
655,1,force_actuator_error_lead,
656,1,force_actuator_error_lead,
657,1,force_actuator_error_lead,
658,1,force_actuator_error_lead,
659,1,force_actuator_error_lead,
660,1,force_actuator_error_lead,
661,1,force_actuator_error_lead,
662,1,force_actuator_error_lead,
663,1,force_actuator_error_lead,
664,1,force_actuator_error_lead,
665,1,force_actuator_error_lead,
666,1,force_actuator_error_lead,
667,1,force_actuator_error_lead,
668,1,force_actuator_error_lead,
669,1,force_actuator_error_lead,
670,1,force_actuator_error_lead,
671,1,force_actuator_error_lead,
672,1,force_actuator_error_lead,
673,1,force_actuator_error_lead,
674,1,force_actuator_error_lead,
675,1,force_actuator_error_lead,
676,1,force_actuator_error_lead,
677,1,force_actuator_error_lead,
678,1,force_actuator_error_lead,
679,1,force_actuator_error_lead,
680,1,force_actuator_error_lead,
681,1,force_actuator_error_lead,
682,1,force_actuator_error_lead,
683,1,force_actuator_error_lead,
684,1,force_actuator_error_lead,
685,1,force_actuator_error_lead,
686,1,force_actuator_error_lead,
687,1,force_actuator_error_lead,
688,1,force_actuator_error_lead,
689,1,force_actuator_error_lead,
690,1,force_actuator_error_lead,
691,1,force_actuator_error_lead,
692,1,force_actuator_error_lead,
693,1,force_actuator_error_lead,
694,1,force_actuator_error_lead,
695,1,force_actuator_error_lead,
696,1,force_actuator_error_lead,
697,1,force_actuator_error_lead,
698,1,force_actuator_error_lead,
699,1,force_actuator_error_lead,
700,1,force_actuator_error_lead,
701,1,force_actuator_error_lead,
702,1,force_actuator_error_lead,
703,1,force_actuator_error_lead,
704,1,force_actuator_error_lead,
705,1,force_actuator_error_lead,
706,1,force_actuator_error_lead,
707,1,force_actuator_error_lead,
708,1,force_actuator_error_lead,
709,1,force_actuator_error_lead,
710,1,force_actuator_error_lead,
711,1,force_actuator_error_lead,
712,1,force_actuator_error_lead,
713,1,force_actuator_error_lead,
714,1,force_actuator_error_lead,
715,1,force_actuator_error_lead,
716,1,force_actuator_error_lead,
717,1,force_actuator_error_lead,
718,1,force_actuator_error_lead,
719,1,force_actuator_error_lead,
720,1,force_actuator_error_lead,
721,1,force_actuator_error_lead,
722,1,force_actuator_error_lead,
723,1,force_actuator_error_lead,
724,1,force_actuator_error_lead,
725,1,force_actuator_error_lead,
726,1,force_actuator_error_lead,
727,1,force_actuator_error_lead,
728,1,force_actuator_error_lead,
729,1,force_actuator_error_lead,
730,1,force_actuator_error_lead,
731,1,force_actuator_error_lead,
732,1,force_actuator_error_lead,
733,1,force_actuator_error_lead,
734,1,force_actuator_error_lead,
735,1,force_actuator_error_lead,
736,1,force_actuator_error_lead,
737,1,force_actuator_error_lead,
738,1,force_actuator_error_lead,
739,1,force_actuator_error_lead,
740,1,force_actuator_error_lead,
741,1,force_actuator_error_lead,
742,1,force_actuator_error_lead,
743,1,force_actuator_error_lead,
744,1,force_actuator_error_lead,
745,1,force_actuator_error_lead,
746,1,force_actuator_error_lead,
747,1,force_actuator_error_lead,
748,1,force_actuator_error_lead,
749,1,force_actuator_error_lead,
750,1,force_actuator_error_lead,
751,1,force_actuator_error_lead,
752,1,force_actuator_error_lead,
753,1,force_actuator_error_lead,
754,1,force_actuator_error_lead,
755,1,force_actuator_error_lead,
756,1,force_actuator_error_lead,
757,1,force_actuator_error_lead,
758,1,force_actuator_error_lead,
759,1,force_actuator_error_lead,
760,1,force_actuator_error_lead,
761,1,force_actuator_error_lead,
762,1,force_actuator_error_lead,
763,1,force_actuator_error_lead,
764,1,force_actuator_error_lead,
765,1,force_actuator_error_lead,
766,1,force_actuator_error_lead,
767,1,force_actuator_error_lead,
768,1,force_actuator_error_lead,
769,1,force_actuator_error_lead,
770,1,force_actuator_error_lead,
771,1,force_actuator_error_lead,
772,1,force_actuator_error_lead,
773,1,force_actuator_error_lead,
774,1,force_actuator_error_lead,
775,1,force_actuator_error_lead,
776,1,force_actuator_error_lead,
777,1,force_actuator_error_lead,
778,1,force_actuator_error_lead,
779,1,force_actuator_error_lead,
780,1,force_actuator_error_lead,
781,1,force_actuator_error_lead,
782,1,force_actuator_error_lead,
783,1,force_actuator_error_lead,
784,1,force_actuator_error_lead,
785,1,force_actuator_error_lead,
786,1,force_actuator_error_lead,
787,1,force_actuator_error_lead,
788,1,force_actuator_error_lead,
789,1,force_actuator_error_lead,
790,1,force_actuator_error_lead,
791,1,force_actuator_error_lead,
792,1,force_actuator_error_lead,
793,1,force_actuator_error_lead,
794,1,force_actuator_error_lead,
795,1,force_actuator_error_lead,
796,1,force_actuator_error_lead,
797,1,force_actuator_error_lead,
798,1,force_actuator_error_lead,
799,1,force_actuator_error_lead,
800,1,force_actuator_error_lead,
801,1,force_actuator_error_lead,
802,1,force_actuator_error_lead,
803,1,force_actuator_error_lead,
804,1,force_actuator_error_lead,
805,1,force_actuator_error_lead,
806,1,force_actuator_error_lead,
807,1,force_actuator_error_lead,
808,1,force_actuator_error_lead,
809,1,force_actuator_error_lead,
810,1,force_actuator_error_lead,
811,1,force_actuator_error_lead,
812,1,force_actuator_error_lead,
813,1,force_actuator_error_lead,
814,1,force_actuator_error_lead,
815,1,force_actuator_error_lead,
816,1,force_actuator_error_lead,
817,1,force_actuator_error_lead,
818,1,force_actuator_error_lead,
819,1,force_actuator_error_lead,
820,1,force_actuator_error_lead,
821,1,force_actuator_error_lead,
822,1,force_actuator_error_lead,
823,1,force_actuator_error_lead,
824,1,force_actuator_error_lead,
825,1,force_actuator_error_lead,
826,1,force_actuator_error_lead,
827,1,force_actuator_error_lead,
828,1,force_actuator_error_lead,
829,1,force_actuator_error_lead,
830,1,force_actuator_error_lead,
831,1,force_actuator_error_lead,
832,1,force_actuator_error_lead,
833,1,force_actuator_error_lead,
834,1,force_actuator_error_lead,
835,1,force_actuator_error_lead,
836,1,force_actuator_error_lead,
837,1,force_actuator_error_lead,
838,1,force_actuator_error_lead,
839,1,force_actuator_error_lead,
840,1,force_actuator_error_lead,
841,1,force_actuator_error_lead,
842,1,force_actuator_error_lead,
843,1,force_actuator_error_lead,
844,1,force_actuator_error_lead,
845,1,force_actuator_error_lead,
846,1,force_actuator_error_lead,
847,1,force_actuator_error_lead,
848,1,force_actuator_error_lead,
849,1,force_actuator_error_lead,
850,1,force_actuator_error_lead,
851,1,force_actuator_error_lead,
852,1,force_actuator_error_lead,
853,1,force_actuator_error_lead,
854,1,force_actuator_error_lead,
855,1,force_actuator_error_lead,
856,1,force_actuator_error_lead,
857,1,force_actuator_error_lead,
858,1,force_actuator_error_lead,
859,1,force_actuator_error_lead,
860,1,force_actuator_error_lead,
861,1,force_actuator_error_lead,
862,1,force_actuator_error_lead,
863,1,force_actuator_error_lead,
864,1,force_actuator_error_lead,
865,1,force_actuator_error_lead,
866,1,force_actuator_error_lead,
867,1,force_actuator_error_lead,
868,1,force_actuator_error_lead,
869,1,force_actuator_error_lead,
870,1,force_actuator_error_lead,
871,1,force_actuator_error_lead,
872,1,force_actuator_error_lead,
873,1,force_actuator_error_lead,
874,1,force_actuator_error_lead,
875,1,force_actuator_error_lead,
876,1,force_actuator_error_lead,
877,1,force_actuator_error_lead,
878,1,force_actuator_error_lead,
879,1,force_actuator_error_lead,
880,1,force_actuator_error_lead,
881,1,force_actuator_error_lead,
882,1,force_actuator_error_lead,
883,1,force_actuator_error_lead,
884,1,force_actuator_error_lead,
885,1,force_actuator_error_lead,
886,1,force_actuator_error_lead,
887,1,force_actuator_error_lead,
888,1,force_actuator_error_lead,
889,1,force_actuator_error_lead,
890,1,force_actuator_error_lead,
891,1,force_actuator_error_lead,
892,1,force_actuator_error_lead,
893,1,force_actuator_error_lead,
894,1,force_actuator_error_lead,
895,1,force_actuator_error_lead,
896,1,force_actuator_error_lead,
897,1,force_actuator_error_lead,
898,1,force_actuator_error_lead,
899,1,force_actuator_error_lead,
900,1,force_actuator_error_lead,
901,1,force_actuator_error_lead,
902,1,force_actuator_error_lead,
903,1,force_actuator_error_lead,
904,1,force_actuator_error_lead,
905,1,force_actuator_error_lead,
906,1,force_actuator_error_lead,
907,1,force_actuator_error_lead,
908,1,force_actuator_error_lead,
909,1,force_actuator_error_lead,
910,1,force_actuator_error_lead,
911,1,force_actuator_error_lead,
912,1,force_actuator_error_lead,
913,1,force_actuator_error_lead,
914,1,force_actuator_error_lead,
915,1,force_actuator_error_lead,
916,1,force_actuator_error_lead,
917,1,force_actuator_error_lead,
918,1,force_actuator_error_lead,
919,1,force_actuator_error_lead,
920,1,force_actuator_error_lead,
921,1,force_actuator_error_lead,
922,1,force_actuator_error_lead,
923,1,force_actuator_error_lead,
924,1,force_actuator_error_lead,
925,1,force_actuator_error_lead,
926,1,force_actuator_error_lead,
927,1,force_actuator_error_lead,
928,1,force_actuator_error_lead,
929,1,force_actuator_error_lead,
930,1,force_actuator_error_lead,
931,1,force_actuator_error_lead,
932,1,force_actuator_error_lead,
933,1,force_actuator_error_lead,
934,1,force_actuator_error_lead,
935,1,force_actuator_error_lead,
936,1,force_actuator_error_lead,
937,1,force_actuator_error_lead,
938,1,force_actuator_error_lead,
939,1,force_actuator_error_lead,
940,1,force_actuator_error_lead,
941,1,force_actuator_error_lead,
942,1,force_actuator_error_lead,
943,1,force_actuator_error_lead,
944,1,force_actuator_error_lead,
945,1,force_actuator_error_lead,
946,1,force_actuator_error_lead,
947,1,force_actuator_error_lead,
948,1,force_actuator_error_lead,
949,1,force_actuator_error_lead,
950,1,force_actuator_error_lead,
951,1,force_actuator_error_lead,
952,1,force_actuator_error_lead,
953,1,force_actuator_error_lead,
954,1,force_actuator_error_lead,
955,1,force_actuator_error_lead,
956,1,force_actuator_error_lead,
957,1,force_actuator_error_lead,
958,1,force_actuator_error_lead,
959,1,force_actuator_error_lead,
960,1,force_actuator_error_lead,
961,1,force_actuator_error_lead,
962,1,force_actuator_error_lead,
963,1,force_actuator_error_lead,
964,1,force_actuator_error_lead,
965,1,force_actuator_error_lead,
966,1,force_actuator_error_lead,
967,1,force_actuator_error_lead,
968,1,force_actuator_error_lead,
969,1,force_actuator_error_lead,
970,1,force_actuator_error_lead,
971,1,force_actuator_error_lead,
972,1,force_actuator_error_lead,
973,1,force_actuator_error_lead,
974,1,force_actuator_error_lead,
975,1,force_actuator_error_lead,
976,1,force_actuator_error_lead,
977,1,force_actuator_error_lead,
978,1,force_actuator_error_lead,
979,1,force_actuator_error_lead,
980,1,force_actuator_error_lead,
981,1,force_actuator_error_lead,
982,1,force_actuator_error_lead,
983,1,force_actuator_error_lead,
984,1,force_actuator_error_lead,
985,1,force_actuator_error_lead,
986,1,force_actuator_error_lead,
987,1,force_actuator_error_lead,
988,1,force_actuator_error_lead,
989,1,force_actuator_error_lead,
990,1,force_actuator_error_lead,
991,1,force_actuator_error_lead,
992,1,force_actuator_error_lead,
993,1,force_actuator_error_lead,
994,1,force_actuator_error_lead,
995,1,force_actuator_error_lead,
996,1,force_actuator_error_lead,
997,1,force_actuator_error_lead,
998,1,force_actuator_error_lead,
999,1,force_actuator_error_lead,
1000,1,force_actuator_error_lead,
1001,1,force_actuator_error_lead,
1002,1,force_actuator_error_lead,
1003,1,force_actuator_error_lead,
1004,1,force_actuator_error_lead,
1005,1,force_actuator_error_lead,
1006,1,force_actuator_error_lead,
1007,1,force_actuator_error_lead,
1008,1,force_actuator_error_lead,
1009,1,force_actuator_error_lead,
1010,1,force_actuator_error_lead,
1011,1,force_actuator_error_lead,
1012,1,force_actuator_error_lead,
1013,1,force_actuator_error_lead,
1014,1,force_actuator_error_lead,
1015,1,force_actuator_error_lead,
1016,1,force_actuator_error_lead,
1017,1,force_actuator_error_lead,
1018,1,force_actuator_error_lead,
1019,1,force_actuator_error_lead,
1020,1,force_actuator_error_lead,
1021,1,force_actuator_error_lead,
1022,1,force_actuator_error_lead,
1023,1,force_actuator_error_lead,
1024,1,force_actuator_error_lead,
1025,1,force_actuator_error_lead,
1026,1,force_actuator_error_lead,
1027,1,force_actuator_error_lead,
1028,1,force_actuator_error_lead,
1029,1,force_actuator_error_lead,
1030,1,force_actuator_error_lead,
1031,1,force_actuator_error_lead,
1032,1,force_actuator_error_lead,
1033,1,force_actuator_error_lead,
1034,1,force_actuator_error_lead,
1035,1,force_actuator_error_lead,
1036,1,force_actuator_error_lead,
1037,1,force_actuator_error_lead,
1038,1,force_actuator_error_lead,
1039,1,force_actuator_error_lead,
1040,1,force_actuator_error_lead,
1041,1,force_actuator_error_lead,
1042,1,force_actuator_error_lead,
1043,1,force_actuator_error_lead,
1044,1,force_actuator_error_lead,
1045,1,force_actuator_error_lead,
1046,1,force_actuator_error_lead,
1047,1,force_actuator_error_lead,
1048,1,force_actuator_error_lead,
1049,1,force_actuator_error_lead,
1050,1,force_actuator_error_lead,
1051,1,force_actuator_error_lead,
1052,1,force_actuator_error_lead,
1053,1,force_actuator_error_lead,
1054,1,force_actuator_error_lead,
1055,1,force_actuator_error_lead,
1056,1,force_actuator_error_lead,
1057,1,force_actuator_error_lead,
1058,1,force_actuator_error_lead,
1059,1,force_actuator_error_lead,
1060,1,force_actuator_error_lead,
1061,1,force_actuator_error_lead,
1062,1,force_actuator_error_lead,
1063,1,force_actuator_error_lead,
1064,1,force_actuator_error_lead,
1065,1,force_actuator_error_lead,
1066,1,force_actuator_error_lead,
1067,1,force_actuator_error_lead,
1068,1,force_actuator_error_lead,
1069,1,force_actuator_error_lead,
1070,1,force_actuator_error_lead,
1071,1,force_actuator_error_lead,
1072,1,force_actuator_error_lead,
1073,1,force_actuator_error_lead,
1074,1,force_actuator_error_lead,
1075,1,force_actuator_error_lead,
1076,1,force_actuator_error_lead,
1077,1,force_actuator_error_lead,
1078,1,force_actuator_error_lead,
1079,1,force_actuator_error_lead,
1080,1,force_actuator_error_lead,
1081,1,force_actuator_error_lead,
1082,1,force_actuator_error_lead,
1083,1,force_actuator_error_lead,
1084,1,force_actuator_error_lead,
1085,1,force_actuator_error_lead,
1086,1,force_actuator_error_lead,
1087,1,force_actuator_error_lead,
1088,1,force_actuator_error_lead,
1089,1,force_actuator_error_lead,
1090,1,force_actuator_error_lead,
1091,1,force_actuator_error_lead,
1092,1,force_actuator_error_lead,
1093,1,force_actuator_error_lead,
1094,1,force_actuator_error_lead,
1095,1,force_actuator_error_lead,
1096,1,force_actuator_error_lead,
1097,1,force_actuator_error_lead,
1098,1,force_actuator_error_lead,
1099,1,force_actuator_error_lead,
1100,1,force_actuator_error_lead,
1101,1,force_actuator_error_lead,
1102,1,force_actuator_error_lead,
1103,1,force_actuator_error_lead,
1104,1,force_actuator_error_lead,
1105,1,force_actuator_error_lead,
1106,1,force_actuator_error_lead,
1107,1,force_actuator_error_lead,
1108,1,force_actuator_error_lead,
1109,1,force_actuator_error_lead,
1110,1,force_actuator_error_lead,
1111,1,force_actuator_error_lead,
1112,1,force_actuator_error_lead,
1113,1,force_actuator_error_lead,
1114,1,force_actuator_error_lead,
1115,1,force_actuator_error_lead,
1116,1,force_actuator_error_lead,
1117,1,force_actuator_error_lead,
1118,1,force_actuator_error_lead,
1119,1,force_actuator_error_lead,
1120,1,force_actuator_error_lead,
1121,1,force_actuator_error_lead,
1122,1,force_actuator_error_lead,
1123,1,force_actuator_error_lead,
1124,1,force_actuator_error_lead,
1125,1,force_actuator_error_lead,
1126,1,force_actuator_error_lead,
1127,1,force_actuator_error_lead,
1128,1,force_actuator_error_lead,
1129,1,force_actuator_error_lead,
1130,1,force_actuator_error_lead,
1131,1,force_actuator_error_lead,
1132,1,force_actuator_error_lead,
1133,1,force_actuator_error_lead,
1134,1,force_actuator_error_lead,
1135,1,force_actuator_error_lead,
1136,1,force_actuator_error_lead,
1137,1,force_actuator_error_lead,
1138,1,force_actuator_error_lead,
1139,1,force_actuator_error_lead,
1140,1,force_actuator_error_lead,
1141,1,force_actuator_error_lead,
1142,1,force_actuator_error_lead,
1143,1,force_actuator_error_lead,
1144,1,force_actuator_error_lead,
1145,1,force_actuator_error_lead,
1146,1,force_actuator_error_lead,
1147,1,force_actuator_error_lead,
1148,1,force_actuator_error_lead,
1149,1,force_actuator_error_lead,
1150,1,force_actuator_error_lead,
1151,1,force_actuator_error_lead,
1152,1,force_actuator_error_lead,
1153,1,force_actuator_error_lead,
1154,1,force_actuator_error_lead,
1155,1,force_actuator_error_lead,
1156,1,force_actuator_error_lead,
1157,1,force_actuator_error_lead,
1158,1,force_actuator_error_lead,
1159,1,force_actuator_error_lead,
1160,1,force_actuator_error_lead,
1161,1,force_actuator_error_lead,
1162,1,force_actuator_error_lead,
1163,1,force_actuator_error_lead,
1164,1,force_actuator_error_lead,
1165,1,force_actuator_error_lead,
1166,1,force_actuator_error_lead,
1167,1,force_actuator_error_lead,
1168,1,force_actuator_error_lead,
1169,1,force_actuator_error_lead,
1170,1,force_actuator_error_lead,
1171,1,force_actuator_error_lead,
1172,1,force_actuator_error_lead,
1173,1,force_actuator_error_lead,
1174,1,force_actuator_error_lead,
1175,1,force_actuator_error_lead,
1176,1,force_actuator_error_lead,
1177,1,force_actuator_error_lead,
1178,1,force_actuator_error_lead,
1179,1,force_actuator_error_lead,
1180,1,force_actuator_error_lead,
1181,1,force_actuator_error_lead,
1182,1,force_actuator_error_lead,
1183,1,force_actuator_error_lead,
1184,1,force_actuator_error_lead,
1185,1,force_actuator_error_lead,
1186,1,force_actuator_error_lead,
1187,1,force_actuator_error_lead,
1188,1,force_actuator_error_lead,
1189,1,force_actuator_error_lead,
1190,1,force_actuator_error_lead,
1191,1,force_actuator_error_lead,
1192,1,force_actuator_error_lead,
1193,1,force_actuator_error_lead,
1194,1,force_actuator_error_lead,
1195,1,force_actuator_error_lead,
1196,1,force_actuator_error_lead,
1197,1,force_actuator_error_lead,
1198,1,force_actuator_error_lead,
1199,1,force_actuator_error_lead,
1200,1,force_actuator_error_lead,
1201,1,force_actuator_error_lead,
1202,1,force_actuator_error_lead,
1203,1,force_actuator_error_lead,
1204,1,force_actuator_error_lead,
1205,1,force_actuator_error_lead,
1206,1,force_actuator_error_lead,
1207,1,force_actuator_error_lead,
1208,1,force_actuator_error_lead,
1209,1,force_actuator_error_lead,
1210,1,force_actuator_error_lead,
1211,1,force_actuator_error_lead,
1212,1,force_actuator_error_lead,
1213,1,force_actuator_error_lead,
1214,1,force_actuator_error_lead,
1215,1,force_actuator_error_lead,
1216,1,force_actuator_error_lead,
1217,1,force_actuator_error_lead,
1218,1,force_actuator_error_lead,
1219,1,force_actuator_error_lead,
1220,1,force_actuator_error_lead,
1221,1,force_actuator_error_lead,
1222,1,force_actuator_error_lead,
1223,1,force_actuator_error_lead,
1224,1,force_actuator_error_lead,
1225,1,force_actuator_error_lead,
1226,1,force_actuator_error_lead,
1227,1,force_actuator_error_lead,
1228,1,force_actuator_error_lead,
1229,1,force_actuator_error_lead,
1230,1,force_actuator_error_lead,
1231,1,force_actuator_error_lead,
1232,1,force_actuator_error_lead,
1233,1,force_actuator_error_lead,
1234,1,force_actuator_error_lead,
1235,1,force_actuator_error_lead,
1236,1,force_actuator_error_lead,
1237,1,force_actuator_error_lead,
1238,1,force_actuator_error_lead,
1239,1,force_actuator_error_lead,
1240,1,force_actuator_error_lead,
1241,1,force_actuator_error_lead,
1242,1,force_actuator_error_lead,
1243,1,force_actuator_error_lead,
1244,1,force_actuator_error_lead,
1245,1,force_actuator_error_lead,
1246,1,force_actuator_error_lead,
1247,1,force_actuator_error_lead,
1248,1,force_actuator_error_lead,
1249,1,force_actuator_error_lead,
1250,1,force_actuator_error_lead,
1251,1,force_actuator_error_lead,
1252,1,force_actuator_error_lead,
1253,1,force_actuator_error_lead,
1254,1,force_actuator_error_lead,
1255,1,force_actuator_error_lead,
1256,1,force_actuator_error_lead,
1257,1,force_actuator_error_lead,
1258,1,force_actuator_error_lead,
1259,1,force_actuator_error_lead,
1260,1,force_actuator_error_lead,
1261,1,force_actuator_error_lead,
1262,1,force_actuator_error_lead,
1263,1,force_actuator_error_lead,
1264,1,force_actuator_error_lead,
1265,1,force_actuator_error_lead,
1266,1,force_actuator_error_lead,
1267,1,force_actuator_error_lead,
254,2,motor_error_lead,
1279,2,wavefront_sensor_error_lead,
1270,2,wavefront_sensor_error_lead,
6,3,submirrot_tilt_lead,
7,3,submirrot_tilt_lead,
8,3,submirrot_tilt_lead,
9,3,submirrot_tilt_lead,
10,3,submirrot_tilt_lead,
11,3,submirrot_tilt_lead,
12,3,submirrot_tilt_lead,
13,3,submirrot_tilt_lead,
14,3,submirrot_tilt_lead,
15,3,submirrot_tilt_lead,
16,3,submirrot_tilt_lead,
17,3,submirrot_tilt_lead,
18,3,submirrot_tilt_lead,
19,3,submirrot_tilt_lead,
20,3,submirrot_tilt_lead,
21,3,submirrot_tilt_lead,
22,3,submirrot_tilt_lead,
23,3,submirrot_tilt_lead,
24,3,submirrot_tilt_lead,
25,3,submirrot_tilt_lead,
26,3,submirrot_tilt_lead,
27,3,submirrot_tilt_lead,
28,3,submirrot_tilt_lead,
29,3,submirrot_tilt_lead,
30,3,submirrot_tilt_lead,
31,3,submirrot_tilt_lead,
32,3,submirrot_tilt_lead,
33,3,submirrot_tilt_lead,
34,3,submirrot_tilt_lead,
35,3,submirrot_tilt_lead,
36,3,submirrot_tilt_lead,
37,3,submirrot_tilt_lead,
38,3,submirrot_tilt_lead,
39,3,submirrot_tilt_lead,
40,3,submirrot_tilt_lead,
41,3,submirrot_tilt_lead,
42,3,submirrot_tilt_lead,
43,3,submirrot_tilt_lead,
44,3,submirrot_tilt_lead,
45,3,submirrot_tilt_lead,
46,3,submirrot_tilt_lead,
47,3,submirrot_tilt_lead,
48,3,submirrot_tilt_lead,
49,3,submirrot_tilt_lead,
50,3,submirrot_tilt_lead,
51,3,submirrot_tilt_lead,
52,3,submirrot_tilt_lead,
53,3,submirrot_tilt_lead,
54,3,submirrot_tilt_lead,
55,3,submirrot_tilt_lead,
56,3,submirrot_tilt_lead,
57,3,submirrot_tilt_lead,
58,3,submirrot_tilt_lead,
59,3,submirrot_tilt_lead,
60,3,submirrot_tilt_lead,
61,3,submirrot_tilt_lead,
62,3,submirrot_tilt_lead,
63,3,submirrot_tilt_lead,
64,3,submirrot_tilt_lead,
65,3,submirrot_tilt_lead,
66,3,submirrot_tilt_lead,
269,6,dispalcement_actuator_error_lead,
270,6,dispalcement_actuator_error_lead,
271,6,dispalcement_actuator_error_lead,
272,7,dispalcement_actuator_error_lead,
273,7,dispalcement_actuator_error_lead,
274,7,dispalcement_actuator_error_lead,
275,8,dispalcement_actuator_error_lead,
276,8,dispalcement_actuator_error_lead,
277,8,dispalcement_actuator_error_lead,
278,9,dispalcement_actuator_error_lead,
279,9,dispalcement_actuator_error_lead,
280,9,dispalcement_actuator_error_lead,
281,10,dispalcement_actuator_error_lead,
282,10,dispalcement_actuator_error_lead,
283,10,dispalcement_actuator_error_lead,
284,11,dispalcement_actuator_error_lead,
285,11,dispalcement_actuator_error_lead,
286,11,dispalcement_actuator_error_lead,
287,12,dispalcement_actuator_error_lead,
288,12,dispalcement_actuator_error_lead,
289,12,dispalcement_actuator_error_lead,
290,13,dispalcement_actuator_error_lead,
291,13,dispalcement_actuator_error_lead,
292,13,dispalcement_actuator_error_lead,
293,14,dispalcement_actuator_error_lead,
294,14,dispalcement_actuator_error_lead,
295,14,dispalcement_actuator_error_lead,
296,15,dispalcement_actuator_error_lead,
297,15,dispalcement_actuator_error_lead,
298,15,dispalcement_actuator_error_lead,
299,16,dispalcement_actuator_error_lead,
300,16,dispalcement_actuator_error_lead,
301,16,dispalcement_actuator_error_lead,
302,17,dispalcement_actuator_error_lead,
303,17,dispalcement_actuator_error_lead,
304,17,dispalcement_actuator_error_lead,
305,18,dispalcement_actuator_error_lead,
306,18,dispalcement_actuator_error_lead,
307,18,dispalcement_actuator_error_lead,
308,19,dispalcement_actuator_error_lead,
309,19,dispalcement_actuator_error_lead,
310,19,dispalcement_actuator_error_lead,
311,20,dispalcement_actuator_error_lead,
312,20,dispalcement_actuator_error_lead,
313,20,dispalcement_actuator_error_lead,
314,21,dispalcement_actuator_error_lead,
315,21,dispalcement_actuator_error_lead,
316,21,dispalcement_actuator_error_lead,
317,22,dispalcement_actuator_error_lead,
318,22,dispalcement_actuator_error_lead,
319,22,dispalcement_actuator_error_lead,
320,23,dispalcement_actuator_error_lead,
321,23,dispalcement_actuator_error_lead,
322,23,dispalcement_actuator_error_lead,
323,24,dispalcement_actuator_error_lead,
324,24,dispalcement_actuator_error_lead,
325,24,dispalcement_actuator_error_lead,
326,25,dispalcement_actuator_error_lead,
327,25,dispalcement_actuator_error_lead,
328,25,dispalcement_actuator_error_lead,
329,26,dispalcement_actuator_error_lead,
330,26,dispalcement_actuator_error_lead,
331,26,dispalcement_actuator_error_lead,
332,27,dispalcement_actuator_error_lead,
333,27,dispalcement_actuator_error_lead,
334,27,dispalcement_actuator_error_lead,
335,28,dispalcement_actuator_error_lead,
336,28,dispalcement_actuator_error_lead,
337,28,dispalcement_actuator_error_lead,
338,29,dispalcement_actuator_error_lead,
339,29,dispalcement_actuator_error_lead,
340,29,dispalcement_actuator_error_lead,
341,30,dispalcement_actuator_error_lead,
342,30,dispalcement_actuator_error_lead,
343,30,dispalcement_actuator_error_lead,
344,31,dispalcement_actuator_error_lead,
345,31,dispalcement_actuator_error_lead,
346,31,dispalcement_actuator_error_lead,
347,32,dispalcement_actuator_error_lead,
348,32,dispalcement_actuator_error_lead,
349,32,dispalcement_actuator_error_lead,
350,33,dispalcement_actuator_error_lead,
351,33,dispalcement_actuator_error_lead,
352,33,dispalcement_actuator_error_lead,
353,34,dispalcement_actuator_error_lead,
354,34,dispalcement_actuator_error_lead,
355,34,dispalcement_actuator_error_lead,
356,35,dispalcement_actuator_error_lead,
357,35,dispalcement_actuator_error_lead,
358,35,dispalcement_actuator_error_lead,
359,36,dispalcement_actuator_error_lead,
360,36,dispalcement_actuator_error_lead,
361,36,dispalcement_actuator_error_lead,
362,37,dispalcement_actuator_error_lead,
363,37,dispalcement_actuator_error_lead,
364,37,dispalcement_actuator_error_lead,
365,38,dispalcement_actuator_error_lead,
366,38,dispalcement_actuator_error_lead,
367,38,dispalcement_actuator_error_lead,
368,39,dispalcement_actuator_error_lead,
369,39,dispalcement_actuator_error_lead,
370,39,dispalcement_actuator_error_lead,
371,40,dispalcement_actuator_error_lead,
372,40,dispalcement_actuator_error_lead,
373,40,dispalcement_actuator_error_lead,
374,41,dispalcement_actuator_error_lead,
375,41,dispalcement_actuator_error_lead,
376,41,dispalcement_actuator_error_lead,
377,42,dispalcement_actuator_error_lead,
378,42,dispalcement_actuator_error_lead,
379,42,dispalcement_actuator_error_lead,
380,43,dispalcement_actuator_error_lead,
381,43,dispalcement_actuator_error_lead,
382,43,dispalcement_actuator_error_lead,
383,44,dispalcement_actuator_error_lead,
384,44,dispalcement_actuator_error_lead,
385,44,dispalcement_actuator_error_lead,
386,45,dispalcement_actuator_error_lead,
387,45,dispalcement_actuator_error_lead,
388,45,dispalcement_actuator_error_lead,
389,46,dispalcement_actuator_error_lead,
390,46,dispalcement_actuator_error_lead,
391,46,dispalcement_actuator_error_lead,
392,47,dispalcement_actuator_error_lead,
393,47,dispalcement_actuator_error_lead,
394,47,dispalcement_actuator_error_lead,
395,48,dispalcement_actuator_error_lead,
396,48,dispalcement_actuator_error_lead,
397,48,dispalcement_actuator_error_lead,
398,49,dispalcement_actuator_error_lead,
399,49,dispalcement_actuator_error_lead,
400,49,dispalcement_actuator_error_lead,
401,50,dispalcement_actuator_error_lead,
402,50,dispalcement_actuator_error_lead,
403,50,dispalcement_actuator_error_lead,
404,51,dispalcement_actuator_error_lead,
405,51,dispalcement_actuator_error_lead,
406,51,dispalcement_actuator_error_lead,
407,52,dispalcement_actuator_error_lead,
408,52,dispalcement_actuator_error_lead,
409,52,dispalcement_actuator_error_lead,
410,53,dispalcement_actuator_error_lead,
411,53,dispalcement_actuator_error_lead,
412,53,dispalcement_actuator_error_lead,
413,54,dispalcement_actuator_error_lead,
414,54,dispalcement_actuator_error_lead,
415,54,dispalcement_actuator_error_lead,
416,55,dispalcement_actuator_error_lead,
417,55,dispalcement_actuator_error_lead,
418,55,dispalcement_actuator_error_lead,
419,56,dispalcement_actuator_error_lead,
420,56,dispalcement_actuator_error_lead,
421,56,dispalcement_actuator_error_lead,
422,57,dispalcement_actuator_error_lead,
423,57,dispalcement_actuator_error_lead,
424,57,dispalcement_actuator_error_lead,
425,58,dispalcement_actuator_error_lead,
426,58,dispalcement_actuator_error_lead,
427,58,dispalcement_actuator_error_lead,
428,59,dispalcement_actuator_error_lead,
429,59,dispalcement_actuator_error_lead,
430,59,dispalcement_actuator_error_lead,
431,60,dispalcement_actuator_error_lead,
432,60,dispalcement_actuator_error_lead,
433,60,dispalcement_actuator_error_lead,
434,61,dispalcement_actuator_error_lead,
435,61,dispalcement_actuator_error_lead,
436,61,dispalcement_actuator_error_lead,
437,62,dispalcement_actuator_error_lead,
438,62,dispalcement_actuator_error_lead,
439,62,dispalcement_actuator_error_lead,
440,63,dispalcement_actuator_error_lead,
441,63,dispalcement_actuator_error_lead,
442,63,dispalcement_actuator_error_lead,
443,64,dispalcement_actuator_error_lead,
444,64,dispalcement_actuator_error_lead,
445,64,dispalcement_actuator_error_lead,
446,65,dispalcement_actuator_error_lead,
447,65,dispalcement_actuator_error_lead,
448,65,dispalcement_actuator_error_lead,
449,66,dispalcement_actuator_error_lead,
450,66,dispalcement_actuator_error_lead,
451,66,dispalcement_actuator_error_lead,
67,6,submirrot_tilt_lead,
68,6,submirrot_tilt_lead,
69,6,submirrot_tilt_lead,
70,7,submirrot_tilt_lead,
71,7,submirrot_tilt_lead,
72,7,submirrot_tilt_lead,
73,8,submirrot_tilt_lead,
74,8,submirrot_tilt_lead,
75,8,submirrot_tilt_lead,
76,9,submirrot_tilt_lead,
77,9,submirrot_tilt_lead,
78,9,submirrot_tilt_lead,
79,10,submirrot_tilt_lead,
80,10,submirrot_tilt_lead,
81,10,submirrot_tilt_lead,
82,11,submirrot_tilt_lead,
83,11,submirrot_tilt_lead,
84,11,submirrot_tilt_lead,
85,12,submirrot_tilt_lead,
86,12,submirrot_tilt_lead,
87,12,submirrot_tilt_lead,
88,13,submirrot_tilt_lead,
89,13,submirrot_tilt_lead,
90,13,submirrot_tilt_lead,
91,14,submirrot_tilt_lead,
92,14,submirrot_tilt_lead,
93,14,submirrot_tilt_lead,
94,15,submirrot_tilt_lead,
95,15,submirrot_tilt_lead,
96,15,submirrot_tilt_lead,
97,16,submirrot_tilt_lead,
98,16,submirrot_tilt_lead,
99,16,submirrot_tilt_lead,
100,17,submirrot_tilt_lead,
101,17,submirrot_tilt_lead,
102,17,submirrot_tilt_lead,
103,18,submirrot_tilt_lead,
104,18,submirrot_tilt_lead,
105,18,submirrot_tilt_lead,
106,19,submirrot_tilt_lead,
107,19,submirrot_tilt_lead,
108,19,submirrot_tilt_lead,
109,20,submirrot_tilt_lead,
110,20,submirrot_tilt_lead,
111,20,submirrot_tilt_lead,
112,21,submirrot_tilt_lead,
113,21,submirrot_tilt_lead,
114,21,submirrot_tilt_lead,
115,22,submirrot_tilt_lead,
116,22,submirrot_tilt_lead,
117,22,submirrot_tilt_lead,
118,23,submirrot_tilt_lead,
119,23,submirrot_tilt_lead,
120,23,submirrot_tilt_lead,
121,24,submirrot_tilt_lead,
122,24,submirrot_tilt_lead,
123,24,submirrot_tilt_lead,
124,25,submirrot_tilt_lead,
125,25,submirrot_tilt_lead,
126,25,submirrot_tilt_lead,
127,26,submirrot_tilt_lead,
128,26,submirrot_tilt_lead,
129,26,submirrot_tilt_lead,
130,27,submirrot_tilt_lead,
131,27,submirrot_tilt_lead,
132,27,submirrot_tilt_lead,
133,28,submirrot_tilt_lead,
134,28,submirrot_tilt_lead,
135,28,submirrot_tilt_lead,
136,29,submirrot_tilt_lead,
137,29,submirrot_tilt_lead,
138,29,submirrot_tilt_lead,
139,30,submirrot_tilt_lead,
140,30,submirrot_tilt_lead,
141,30,submirrot_tilt_lead,
142,31,submirrot_tilt_lead,
143,31,submirrot_tilt_lead,
144,31,submirrot_tilt_lead,
145,32,submirrot_tilt_lead,
146,32,submirrot_tilt_lead,
147,32,submirrot_tilt_lead,
148,33,submirrot_tilt_lead,
149,33,submirrot_tilt_lead,
150,33,submirrot_tilt_lead,
151,34,submirrot_tilt_lead,
152,34,submirrot_tilt_lead,
153,34,submirrot_tilt_lead,
154,35,submirrot_tilt_lead,
155,35,submirrot_tilt_lead,
156,35,submirrot_tilt_lead,
157,36,submirrot_tilt_lead,
158,36,submirrot_tilt_lead,
159,36,submirrot_tilt_lead,
160,37,submirrot_tilt_lead,
161,37,submirrot_tilt_lead,
162,37,submirrot_tilt_lead,
163,38,submirrot_tilt_lead,
164,38,submirrot_tilt_lead,
165,38,submirrot_tilt_lead,
166,39,submirrot_tilt_lead,
167,39,submirrot_tilt_lead,
168,39,submirrot_tilt_lead,
169,40,submirrot_tilt_lead,
170,40,submirrot_tilt_lead,
171,40,submirrot_tilt_lead,
172,41,submirrot_tilt_lead,
173,41,submirrot_tilt_lead,
174,41,submirrot_tilt_lead,
175,42,submirrot_tilt_lead,
176,42,submirrot_tilt_lead,
177,42,submirrot_tilt_lead,
178,43,submirrot_tilt_lead,
179,43,submirrot_tilt_lead,
180,43,submirrot_tilt_lead,
181,44,submirrot_tilt_lead,
182,44,submirrot_tilt_lead,
183,44,submirrot_tilt_lead,
184,45,submirrot_tilt_lead,
185,45,submirrot_tilt_lead,
186,45,submirrot_tilt_lead,
187,46,submirrot_tilt_lead,
188,46,submirrot_tilt_lead,
189,46,submirrot_tilt_lead,
190,47,submirrot_tilt_lead,
191,47,submirrot_tilt_lead,
192,47,submirrot_tilt_lead,
193,48,submirrot_tilt_lead,
194,48,submirrot_tilt_lead,
195,48,submirrot_tilt_lead,
196,49,submirrot_tilt_lead,
197,49,submirrot_tilt_lead,
198,49,submirrot_tilt_lead,
199,50,submirrot_tilt_lead,
200,50,submirrot_tilt_lead,
201,50,submirrot_tilt_lead,
202,51,submirrot_tilt_lead,
203,51,submirrot_tilt_lead,
204,51,submirrot_tilt_lead,
205,52,submirrot_tilt_lead,
206,52,submirrot_tilt_lead,
207,52,submirrot_tilt_lead,
208,53,submirrot_tilt_lead,
209,53,submirrot_tilt_lead,
210,53,submirrot_tilt_lead,
211,54,submirrot_tilt_lead,
212,54,submirrot_tilt_lead,
213,54,submirrot_tilt_lead,
214,55,submirrot_tilt_lead,
215,55,submirrot_tilt_lead,
216,55,submirrot_tilt_lead,
217,56,submirrot_tilt_lead,
218,56,submirrot_tilt_lead,
219,56,submirrot_tilt_lead,
220,57,submirrot_tilt_lead,
221,57,submirrot_tilt_lead,
222,57,submirrot_tilt_lead,
223,58,submirrot_tilt_lead,
224,58,submirrot_tilt_lead,
225,58,submirrot_tilt_lead,
226,59,submirrot_tilt_lead,
227,59,submirrot_tilt_lead,
228,59,submirrot_tilt_lead,
229,60,submirrot_tilt_lead,
230,60,submirrot_tilt_lead,
231,60,submirrot_tilt_lead,
232,61,submirrot_tilt_lead,
233,61,submirrot_tilt_lead,
234,61,submirrot_tilt_lead,
235,62,submirrot_tilt_lead,
236,62,submirrot_tilt_lead,
237,62,submirrot_tilt_lead,
238,63,submirrot_tilt_lead,
239,63,submirrot_tilt_lead,
240,63,submirrot_tilt_lead,
241,64,submirrot_tilt_lead,
242,64,submirrot_tilt_lead,
243,64,submirrot_tilt_lead,
244,65,submirrot_tilt_lead,
245,65,submirrot_tilt_lead,
246,65,submirrot_tilt_lead,
247,66,submirrot_tilt_lead,
248,66,submirrot_tilt_lead,
249,66,submirrot_tilt_lead,
1287,4,bad_seeing_lead,
1291,4,bad_sseing_lead,
1280,1287,lead_seeing_poor,
1281,1287,lead_seeing_poor,
1282,1287,lead_seeing_poor,
1283,1291,lead_doom_seeing_poor,
1284,1291,lead_doom_seeing_poor,
1285,1291,lead_doom_seeing_poor,
259,1284,not_open_lead,
260,1284,not_open_lead,
261,1284,not_open_lead,
261,1284,not_open_lead,
256,5,dome_off,
1288,5,bright_night_sky,
1271,5,camera_error_lead,
1272,5,camera_error_lead,
1273,5,camera_error_lead,
1274,5,camera_error_lead,
1275,5,camera_error_lead,
1276,5,camera_error_lead,
1277,5,camera_error_lead,
1278,5,camera_error_lead,
