ID,Class,Lable,Name,Status_1,Status_2
0,image_quality,image_quality,Stick_like image,,
1,image_quality,image_quality,Lumpy_like image,,
2,image_quality,image_quality,Donut_like_image,,
3,image_quality,image_quality,Two_point_like_image,,
4,image_quality,image_quality,Image_spot_large,,
5,image_quality,image_quality,there are not bright star image,,
6,device,Ma,Ma_submirror_01,,
7,device,Ma,Ma_submirror_02,,
8,device,Ma,Ma_submirror_03,,
9,device,Ma,Ma_submirror_04,,
10,device,Ma,Ma_submirror_05,,
11,device,Ma,Ma_submirror_06,,
12,device,Ma,Ma_submirror_07,,
13,device,Ma,Ma_submirror_08,,
14,device,Ma,Ma_submirror_09,,
15,device,Ma,Ma_submirror_10,,
16,device,Ma,Ma_submirror_11,,
17,device,Ma,Ma_submirror_12,,
18,device,Ma,Ma_submirror_13,,
19,device,Ma,Ma_submirror_14,,
20,device,Ma,Ma_submirror_15,,
21,device,Ma,Ma_submirror_16,,
22,device,Ma,Ma_submirror_17,,
23,device,Ma,Ma_submirror_18,,
24,device,Ma,Ma_submirror_19,,
25,device,Ma,Ma_submirror_20,,
26,device,Ma,Ma_submirror_21,,
27,device,Ma,Ma_submirror_22,,
28,device,Ma,Ma_submirror_23,,
29,device,Ma,Ma_submirror_24,,
30,device,Mb,Ma_submirror_01,,
31,device,Mb,Ma_submirror_02,,
32,device,Mb,Ma_submirror_03,,
33,device,Mb,Ma_submirror_04,,
34,device,Mb,Ma_submirror_05,,
35,device,Mb,Ma_submirror_06,,
36,device,Mb,Ma_submirror_07,,
37,device,Mb,Ma_submirror_08,,
38,device,Mb,Ma_submirror_09,,
39,device,Mb,Ma_submirror_10,,
40,device,Mb,Ma_submirror_11,,
41,device,Mb,Ma_submirror_12,,
42,device,Mb,Ma_submirror_13,,
43,device,Mb,Ma_submirror_14,,
44,device,Mb,Ma_submirror_15,,
45,device,Mb,Ma_submirror_16,,
46,device,Mb,Ma_submirror_17,,
47,device,Mb,Ma_submirror_18,,
48,device,Mb,Ma_submirror_19,,
49,device,Mb,Ma_submirror_20,,
50,device,Mb,Ma_submirror_21,,
51,device,Mb,Ma_submirror_22,,
52,device,Mb,Ma_submirror_23,,
53,device,Mb,Ma_submirror_24,,
54,device,Mb,Ma_submirror_25,,
55,device,Mb,Ma_submirror_26,,
56,device,Mb,Ma_submirror_27,,
57,device,Mb,Ma_submirror_28,,
58,device,Mb,Ma_submirror_29,,
59,device,Mb,Ma_submirror_30,,
60,device,Mb,Ma_submirror_31,,
61,device,Mb,Ma_submirror_32,,
62,device,Mb,Ma_submirror_33,,
63,device,Mb,Ma_submirror_34,,
64,device,Mb,Ma_submirror_35,,
65,device,Mb,Ma_submirror_36,,
66,device,Mb,Ma_submirror_37,,
67,device,Ma_fixed_support,Ma_fixed_support_01_1,,
68,device,Ma_fixed_support,Ma_fixed_support_01_2,,
69,device,Ma_fixed_support,Ma_fixed_support_01_3,,
70,device,Ma_fixed_support,Ma_fixed_support_02_1,,
71,device,Ma_fixed_support,Ma_fixed_support_02_2,,
72,device,Ma_fixed_support,Ma_fixed_support_02_3,,
73,device,Ma_fixed_support,Ma_fixed_support_03_1,,
74,device,Ma_fixed_support,Ma_fixed_support_03_2,,
75,device,Ma_fixed_support,Ma_fixed_support_03_3,,
76,device,Ma_fixed_support,Ma_fixed_support_04_1,,
77,device,Ma_fixed_support,Ma_fixed_support_04_2,,
78,device,Ma_fixed_support,Ma_fixed_support_04_3,,
79,device,Ma_fixed_support,Ma_fixed_support_05_1,,
80,device,Ma_fixed_support,Ma_fixed_support_05_2,,
81,device,Ma_fixed_support,Ma_fixed_support_05_3,,
82,device,Ma_fixed_support,Ma_fixed_support_06_1,,
83,device,Ma_fixed_support,Ma_fixed_support_06_2,,
84,device,Ma_fixed_support,Ma_fixed_support_06_3,,
85,device,Ma_fixed_support,Ma_fixed_support_07_1,,
86,device,Ma_fixed_support,Ma_fixed_support_07_2,,
87,device,Ma_fixed_support,Ma_fixed_support_07_3,,
88,device,Ma_fixed_support,Ma_fixed_support_08_1,,
89,device,Ma_fixed_support,Ma_fixed_support_08_2,,
90,device,Ma_fixed_support,Ma_fixed_support_08_3,,
91,device,Ma_fixed_support,Ma_fixed_support_09_1,,
92,device,Ma_fixed_support,Ma_fixed_support_09_2,,
93,device,Ma_fixed_support,Ma_fixed_support_09_3,,
94,device,Ma_fixed_support,Ma_fixed_support_10_1,,
95,device,Ma_fixed_support,Ma_fixed_support_10_2,,
96,device,Ma_fixed_support,Ma_fixed_support_10_3,,
97,device,Ma_fixed_support,Ma_fixed_support_11_1,,
98,device,Ma_fixed_support,Ma_fixed_support_11_2,,
99,device,Ma_fixed_support,Ma_fixed_support_11_3,,
100,device,Ma_fixed_support,Ma_fixed_support_12_1,,
101,device,Ma_fixed_support,Ma_fixed_support_12_2,,
102,device,Ma_fixed_support,Ma_fixed_support_12_3,,
103,device,Ma_fixed_support,Ma_fixed_support_13_1,,
104,device,Ma_fixed_support,Ma_fixed_support_13_2,,
105,device,Ma_fixed_support,Ma_fixed_support_13_3,,
106,device,Ma_fixed_support,Ma_fixed_support_14_1,,
107,device,Ma_fixed_support,Ma_fixed_support_14_2,,
108,device,Ma_fixed_support,Ma_fixed_support_14_3,,
109,device,Ma_fixed_support,Ma_fixed_support_15_1,,
110,device,Ma_fixed_support,Ma_fixed_support_15_2,,
111,device,Ma_fixed_support,Ma_fixed_support_15_3,,
112,device,Ma_fixed_support,Ma_fixed_support_16_1,,
113,device,Ma_fixed_support,Ma_fixed_support_16_2,,
114,device,Ma_fixed_support,Ma_fixed_support_16_3,,
115,device,Ma_fixed_support,Ma_fixed_support_17_1,,
116,device,Ma_fixed_support,Ma_fixed_support_17_2,,
117,device,Ma_fixed_support,Ma_fixed_support_17_3,,
118,device,Ma_fixed_support,Ma_fixed_support_18_1,,
119,device,Ma_fixed_support,Ma_fixed_support_18_2,,
120,device,Ma_fixed_support,Ma_fixed_support_18_3,,
121,device,Ma_fixed_support,Ma_fixed_support_19_1,,
122,device,Ma_fixed_support,Ma_fixed_support_19_2,,
123,device,Ma_fixed_support,Ma_fixed_support_19_3,,
124,device,Ma_fixed_support,Ma_fixed_support_20_1,,
125,device,Ma_fixed_support,Ma_fixed_support_20_2,,
126,device,Ma_fixed_support,Ma_fixed_support_20_3,,
127,device,Ma_fixed_support,Ma_fixed_support_21_1,,
128,device,Ma_fixed_support,Ma_fixed_support_21_2,,
129,device,Ma_fixed_support,Ma_fixed_support_21_3,,
130,device,Ma_fixed_support,Ma_fixed_support_22_1,,
131,device,Ma_fixed_support,Ma_fixed_support_22_2,,
132,device,Ma_fixed_support,Ma_fixed_support_22_3,,
133,device,Ma_fixed_support,Ma_fixed_support_23_1,,
134,device,Ma_fixed_support,Ma_fixed_support_23_2,,
135,device,Ma_fixed_support,Ma_fixed_support_23_3,,
136,device,Ma_fixed_support,Ma_fixed_support_24_1,,
137,device,Ma_fixed_support,Ma_fixed_support_24_2,,
138,device,Ma_fixed_support,Ma_fixed_support_24_3,,
139,device,Mb_fixed_support,Mb_fixed_support_01_1,,
140,device,Mb_fixed_support,Mb_fixed_support_01_2,,
141,device,Mb_fixed_support,Mb_fixed_support_01_3,,
142,device,Mb_fixed_support,Mb_fixed_support_02_1,,
143,device,Mb_fixed_support,Mb_fixed_support_02_2,,
144,device,Mb_fixed_support,Mb_fixed_support_02_3,,
145,device,Mb_fixed_support,Mb_fixed_support_03_1,,
146,device,Mb_fixed_support,Mb_fixed_support_03_2,,
147,device,Mb_fixed_support,Mb_fixed_support_03_3,,
148,device,Mb_fixed_support,Mb_fixed_support_04_1,,
149,device,Mb_fixed_support,Mb_fixed_support_04_2,,
150,device,Mb_fixed_support,Mb_fixed_support_04_3,,
151,device,Mb_fixed_support,Mb_fixed_support_05_1,,
152,device,Mb_fixed_support,Mb_fixed_support_05_2,,
153,device,Mb_fixed_support,Mb_fixed_support_05_3,,
154,device,Mb_fixed_support,Mb_fixed_support_06_1,,
155,device,Mb_fixed_support,Mb_fixed_support_06_2,,
156,device,Mb_fixed_support,Mb_fixed_support_06_3,,
157,device,Mb_fixed_support,Mb_fixed_support_07_1,,
158,device,Mb_fixed_support,Mb_fixed_support_07_2,,
159,device,Mb_fixed_support,Mb_fixed_support_07_3,,
160,device,Mb_fixed_support,Mb_fixed_support_08_1,,
161,device,Mb_fixed_support,Mb_fixed_support_08_2,,
162,device,Mb_fixed_support,Mb_fixed_support_08_3,,
163,device,Mb_fixed_support,Mb_fixed_support_09_1,,
164,device,Mb_fixed_support,Mb_fixed_support_09_2,,
165,device,Mb_fixed_support,Mb_fixed_support_09_3,,
166,device,Mb_fixed_support,Mb_fixed_support_10_1,,
167,device,Mb_fixed_support,Mb_fixed_support_10_2,,
168,device,Mb_fixed_support,Mb_fixed_support_10_3,,
169,device,Mb_fixed_support,Mb_fixed_support_11_1,,
170,device,Mb_fixed_support,Mb_fixed_support_11_2,,
171,device,Mb_fixed_support,Mb_fixed_support_11_3,,
172,device,Mb_fixed_support,Mb_fixed_support_12_1,,
173,device,Mb_fixed_support,Mb_fixed_support_12_2,,
174,device,Mb_fixed_support,Mb_fixed_support_12_3,,
175,device,Mb_fixed_support,Mb_fixed_support_13_1,,
176,device,Mb_fixed_support,Mb_fixed_support_13_2,,
177,device,Mb_fixed_support,Mb_fixed_support_13_3,,
178,device,Mb_fixed_support,Mb_fixed_support_14_1,,
179,device,Mb_fixed_support,Mb_fixed_support_14_2,,
180,device,Mb_fixed_support,Mb_fixed_support_14_3,,
181,device,Mb_fixed_support,Mb_fixed_support_15_1,,
182,device,Mb_fixed_support,Mb_fixed_support_15_2,,
183,device,Mb_fixed_support,Mb_fixed_support_15_3,,
184,device,Mb_fixed_support,Mb_fixed_support_16_1,,
185,device,Mb_fixed_support,Mb_fixed_support_16_2,,
186,device,Mb_fixed_support,Mb_fixed_support_16_3,,
187,device,Mb_fixed_support,Mb_fixed_support_17_1,,
188,device,Mb_fixed_support,Mb_fixed_support_17_2,,
189,device,Mb_fixed_support,Mb_fixed_support_17_3,,
190,device,Mb_fixed_support,Mb_fixed_support_18_1,,
191,device,Mb_fixed_support,Mb_fixed_support_18_2,,
192,device,Mb_fixed_support,Mb_fixed_support_18_3,,
193,device,Mb_fixed_support,Mb_fixed_support_19_1,,
194,device,Mb_fixed_support,Mb_fixed_support_19_2,,
195,device,Mb_fixed_support,Mb_fixed_support_19_3,,
196,device,Mb_fixed_support,Mb_fixed_support_20_1,,
197,device,Mb_fixed_support,Mb_fixed_support_20_2,,
198,device,Mb_fixed_support,Mb_fixed_support_20_3,,
199,device,Mb_fixed_support,Mb_fixed_support_21_1,,
200,device,Mb_fixed_support,Mb_fixed_support_21_2,,
201,device,Mb_fixed_support,Mb_fixed_support_21_3,,
202,device,Mb_fixed_support,Mb_fixed_support_22_1,,
203,device,Mb_fixed_support,Mb_fixed_support_22_2,,
204,device,Mb_fixed_support,Mb_fixed_support_22_3,,
205,device,Mb_fixed_support,Mb_fixed_support_23_1,,
206,device,Mb_fixed_support,Mb_fixed_support_23_2,,
207,device,Mb_fixed_support,Mb_fixed_support_23_3,,
208,device,Mb_fixed_support,Mb_fixed_support_24_1,,
209,device,Mb_fixed_support,Mb_fixed_support_24_2,,
210,device,Mb_fixed_support,Mb_fixed_support_24_3,,
211,device,Mb_fixed_support,Mb_fixed_support_25_1,,
212,device,Mb_fixed_support,Mb_fixed_support_25_2,,
213,device,Mb_fixed_support,Mb_fixed_support_25_3,,
214,device,Mb_fixed_support,Mb_fixed_support_26_1,,
215,device,Mb_fixed_support,Mb_fixed_support_26_2,,
216,device,Mb_fixed_support,Mb_fixed_support_26_3,,
217,device,Mb_fixed_support,Mb_fixed_support_27_1,,
218,device,Mb_fixed_support,Mb_fixed_support_27_2,,
219,device,Mb_fixed_support,Mb_fixed_support_27_3,,
220,device,Mb_fixed_support,Mb_fixed_support_28_1,,
221,device,Mb_fixed_support,Mb_fixed_support_28_2,,
222,device,Mb_fixed_support,Mb_fixed_support_28_3,,
223,device,Mb_fixed_support,Mb_fixed_support_29_1,,
224,device,Mb_fixed_support,Mb_fixed_support_29_2,,
225,device,Mb_fixed_support,Mb_fixed_support_29_3,,
226,device,Mb_fixed_support,Mb_fixed_support_30_1,,
227,device,Mb_fixed_support,Mb_fixed_support_30_2,,
228,device,Mb_fixed_support,Mb_fixed_support_30_3,,
229,device,Mb_fixed_support,Mb_fixed_support_31_1,,
230,device,Mb_fixed_support,Mb_fixed_support_31_2,,
231,device,Mb_fixed_support,Mb_fixed_support_31_3,,
232,device,Mb_fixed_support,Mb_fixed_support_32_1,,
233,device,Mb_fixed_support,Mb_fixed_support_32_2,,
234,device,Mb_fixed_support,Mb_fixed_support_32_3,,
235,device,Mb_fixed_support,Mb_fixed_support_33_1,,
236,device,Mb_fixed_support,Mb_fixed_support_33_2,,
237,device,Mb_fixed_support,Mb_fixed_support_33_3,,
238,device,Mb_fixed_support,Mb_fixed_supportr_34_1,,
239,device,Mb_fixed_support,Mb_fixed_supportr_34_2,,
240,device,Mb_fixed_support,Mb_fixed_supportr_34_3,,
241,device,Mb_fixed_support,Mb_fixed_support_35_1,,
242,device,Mb_fixed_support,Mb_fixed_support_35_2,,
243,device,Mb_fixed_support,Mb_fixed_support_35_3,,
244,device,Mb_fixed_support,Mb_fixed_support_36_1,,
245,device,Mb_fixed_support,Mb_fixed_support_36_2,,
246,device,Mb_fixed_support,Mb_fixed_support_36_3,,
247,device,Mb_fixed_support,Mb_fixed_support_37_1,,
248,device,Mb_fixed_support,Mb_fixed_support_37_2,,
249,device,Mb_fixed_support,Mb_fixed_support_37_3,,
250,device,focal_plane,focal_attitude_motor_01,step_length,
251,device,focal_plane,focal_attitude_motor_02,step_length,
252,device,focal_plane,focal_attitude_motor_03,step_length,
253,device,focal_plane,focal_rotation_motor,step_length,
254,device,focal_plane,focal_length_control_motor,step_length,
255,device,focal_plane, focal_lateral_displacement_motor,step_length,
256,device,dome_and_support_building,dome,open/close,
257,device,dome_and_support_building,elevator,,
258,device,dome_and_support_building,coating_machine,,
259,device,dome_and_support_building,ventilation_system,on/off,
260,device,dome_and_support_building,shutter,on/off,
261,device,dome_and_support_building,refrigeration,on/off,
262,device,dome_and_support_building,exhaust_fan,on/off,
263,device,structure,primary_mirror_frame,,
264,device,structure,secondary_mirror_frame,,
265,device,structure,focal_plane_frame,,
266,device,tracking_pointing_system,Ma_oil_pad,pressure_value,
267,device,tracking_pointing_system,Ma_vertical_angle_control_motor,step_length,
268,device,tracking_pointing_system,Ma_azimuthal_motor,step_length,
269,device,Ma_displacement_actuator,Ma_displacement_actuator_01_1,step_length,
270,device,Ma_displacement_actuator,Ma_displacement_actuator_01_2,step_length,
271,device,Ma_displacement_actuator,Ma_displacement_actuator_01_3,step_length,
272,device,Ma_displacement_actuator,Ma_displacement_actuator_02_1,step_length,
273,device,Ma_displacement_actuator,Ma_displacement_actuator_02_2,step_length,
274,device,Ma_displacement_actuator,Ma_displacement_actuator_02_3,step_length,
275,device,Ma_displacement_actuator,Ma_displacement_actuator_03_1,step_length,
276,device,Ma_displacement_actuator,Ma_displacement_actuator_03_2,step_length,
277,device,Ma_displacement_actuator,Ma_displacement_actuator_03_3,step_length,
278,device,Ma_displacement_actuator,Ma_displacement_actuator_04_1,step_length,
279,device,Ma_displacement_actuator,Ma_displacement_actuator_04_2,step_length,
280,device,Ma_displacement_actuator,Ma_displacement_actuator_04_3,step_length,
281,device,Ma_displacement_actuator,Ma_displacement_actuator_05_1,step_length,
282,device,Ma_displacement_actuator,Ma_displacement_actuator_05_2,step_length,
283,device,Ma_displacement_actuator,Ma_displacement_actuator_05_3,step_length,
284,device,Ma_displacement_actuator,Ma_displacement_actuator_06_1,step_length,
285,device,Ma_displacement_actuator,Ma_displacement_actuator_06_2,step_length,
286,device,Ma_displacement_actuator,Ma_displacement_actuator_06_3,step_length,
287,device,Ma_displacement_actuator,Ma_displacement_actuator_07_1,step_length,
288,device,Ma_displacement_actuator,Ma_displacement_actuator_07_2,step_length,
289,device,Ma_displacement_actuator,Ma_displacement_actuator_07_3,step_length,
290,device,Ma_displacement_actuator,Ma_displacement_actuator_08_1,step_length,
291,device,Ma_displacement_actuator,Ma_displacement_actuator_08_2,step_length,
292,device,Ma_displacement_actuator,Ma_displacement_actuator_08_3,step_length,
293,device,Ma_displacement_actuator,Ma_displacement_actuator_09_1,step_length,
294,device,Ma_displacement_actuator,Ma_displacement_actuator_09_2,step_length,
295,device,Ma_displacement_actuator,Ma_displacement_actuator_09_3,step_length,
296,device,Ma_displacement_actuator,Ma_displacement_actuator_10_1,step_length,
297,device,Ma_displacement_actuator,Ma_displacement_actuator_10_2,step_length,
298,device,Ma_displacement_actuator,Ma_displacement_actuator_10_3,step_length,
299,device,Ma_displacement_actuator,Ma_displacement_actuator_11_1,step_length,
300,device,Ma_displacement_actuator,Ma_displacement_actuator_11_2,step_length,
301,device,Ma_displacement_actuator,Ma_displacement_actuator_11_3,step_length,
302,device,Ma_displacement_actuator,Ma_displacement_actuator_12_1,step_length,
303,device,Ma_displacement_actuator,Ma_displacement_actuator_12_2,step_length,
304,device,Ma_displacement_actuator,Ma_displacement_actuator_12_3,step_length,
305,device,Ma_displacement_actuator,Ma_displacement_actuator_13_1,step_length,
306,device,Ma_displacement_actuator,Ma_displacement_actuator_13_2,step_length,
307,device,Ma_displacement_actuator,Ma_displacement_actuator_13_3,step_length,
308,device,Ma_displacement_actuator,Ma_displacement_actuator_14_1,step_length,
309,device,Ma_displacement_actuator,Ma_displacement_actuator_14_2,step_length,
310,device,Ma_displacement_actuator,Ma_displacement_actuator_14_3,step_length,
311,device,Ma_displacement_actuator,Ma_displacement_actuator_15_1,step_length,
312,device,Ma_displacement_actuator,Ma_displacement_actuator_15_2,step_length,
313,device,Ma_displacement_actuator,Ma_displacement_actuator_15_3,step_length,
314,device,Ma_displacement_actuator,Ma_displacement_actuator_16_1,step_length,
315,device,Ma_displacement_actuator,Ma_displacement_actuator_16_2,step_length,
316,device,Ma_displacement_actuator,Ma_displacement_actuator_16_3,step_length,
317,device,Ma_displacement_actuator,Ma_displacement_actuator_17_1,step_length,
318,device,Ma_displacement_actuator,Ma_displacement_actuator_17_2,step_length,
319,device,Ma_displacement_actuator,Ma_displacement_actuator_17_3,step_length,
320,device,Ma_displacement_actuator,Ma_displacement_actuator_18_1,step_length,
321,device,Ma_displacement_actuator,Ma_displacement_actuator_18_2,step_length,
322,device,Ma_displacement_actuator,Ma_displacement_actuator_18_3,step_length,
323,device,Ma_displacement_actuator,Ma_displacement_actuator_19_1,step_length,
324,device,Ma_displacement_actuator,Ma_displacement_actuator_19_2,step_length,
325,device,Ma_displacement_actuator,Ma_displacement_actuator_19_3,step_length,
326,device,Ma_displacement_actuator,Ma_displacement_actuator_20_1,step_length,
327,device,Ma_displacement_actuator,Ma_displacement_actuator_20_2,step_length,
328,device,Ma_displacement_actuator,Ma_displacement_actuator_20_3,step_length,
329,device,Ma_displacement_actuator,Ma_displacement_actuator_21_1,step_length,
330,device,Ma_displacement_actuator,Ma_displacement_actuator_21_2,step_length,
331,device,Ma_displacement_actuator,Ma_displacement_actuator_21_3,step_length,
332,device,Ma_displacement_actuator,Ma_displacement_actuator_22_1,step_length,
333,device,Ma_displacement_actuator,Ma_displacement_actuator_22_2,step_length,
334,device,Ma_displacement_actuator,Ma_displacement_actuator_22_3,step_length,
335,device,Ma_displacement_actuator,Ma_displacement_actuator_23_1,step_length,
336,device,Ma_displacement_actuator,Ma_displacement_actuator_23_2,step_length,
337,device,Ma_displacement_actuator,Ma_displacement_actuator_23_3,step_length,
338,device,Ma_displacement_actuator,Ma_displacement_actuator_24_1,step_length,
339,device,Ma_displacement_actuator,Ma_displacement_actuator_24_2,step_length,
340,device,Ma_displacement_actuator,Ma_displacement_actuator_24_3,step_length,
341,device,Mb_displacement_actuator,Mb_displacement_actuator_01_1,step_length,
342,device,Mb_displacement_actuator,Mb_displacement_actuator_01_2,step_length,
343,device,Mb_displacement_actuator,Mb_displacement_actuator_01_3,step_length,
344,device,Mb_displacement_actuator,Mb_displacement_actuator_02_1,step_length,
345,device,Mb_displacement_actuator,Mb_displacement_actuator_02_2,step_length,
346,device,Mb_displacement_actuator,Mb_displacement_actuator_02_3,step_length,
347,device,Mb_displacement_actuator,Mb_displacement_actuator_03_1,step_length,
348,device,Mb_displacement_actuator,Mb_displacement_actuator_03_2,step_length,
349,device,Mb_displacement_actuator,Mb_displacement_actuator_03_3,step_length,
350,device,Mb_displacement_actuator,Mb_displacement_actuator_04_1,step_length,
351,device,Mb_displacement_actuator,Mb_displacement_actuator_04_2,step_length,
352,device,Mb_displacement_actuator,Mb_displacement_actuator_04_3,step_length,
353,device,Mb_displacement_actuator,Mb_displacement_actuator_05_1,step_length,
354,device,Mb_displacement_actuator,Mb_displacement_actuator_05_2,step_length,
355,device,Mb_displacement_actuator,Mb_displacement_actuator_05_3,step_length,
356,device,Mb_displacement_actuator,Mb_displacement_actuator_06_1,step_length,
357,device,Mb_displacement_actuator,Mb_displacement_actuator_06_2,step_length,
358,device,Mb_displacement_actuator,Mb_displacement_actuator_06_3,step_length,
359,device,Mb_displacement_actuator,Mb_displacement_actuator_07_1,step_length,
360,device,Mb_displacement_actuator,Mb_displacement_actuator_07_2,step_length,
361,device,Mb_displacement_actuator,Mb_displacement_actuator_07_3,step_length,
362,device,Mb_displacement_actuator,Mb_displacement_actuator_08_1,step_length,
363,device,Mb_displacement_actuator,Mb_displacement_actuator_08_2,step_length,
364,device,Mb_displacement_actuator,Mb_displacement_actuator_08_3,step_length,
365,device,Mb_displacement_actuator,Mb_displacement_actuator_09_1,step_length,
366,device,Mb_displacement_actuator,Mb_displacement_actuator_09_2,step_length,
367,device,Mb_displacement_actuator,Mb_displacement_actuator_09_3,step_length,
368,device,Mb_displacement_actuator,Mb_displacement_actuator_10_1,step_length,
369,device,Mb_displacement_actuator,Mb_displacement_actuator_10_2,step_length,
370,device,Mb_displacement_actuator,Mb_displacement_actuator_10_3,step_length,
371,device,Mb_displacement_actuator,Mb_displacement_actuator_11_1,step_length,
372,device,Mb_displacement_actuator,Mb_displacement_actuator_11_2,step_length,
373,device,Mb_displacement_actuator,Mb_displacement_actuator_11_3,step_length,
374,device,Mb_displacement_actuator,Mb_displacement_actuator_12_1,step_length,
375,device,Mb_displacement_actuator,Mb_displacement_actuator_12_2,step_length,
376,device,Mb_displacement_actuator,Mb_displacement_actuator_12_3,step_length,
377,device,Mb_displacement_actuator,Mb_displacement_actuator_13_1,step_length,
378,device,Mb_displacement_actuator,Mb_displacement_actuator_13_2,step_length,
379,device,Mb_displacement_actuator,Mb_displacement_actuator_13_3,step_length,
380,device,Mb_displacement_actuator,Mb_displacement_actuator_14_1,step_length,
381,device,Mb_displacement_actuator,Mb_displacement_actuator_14_2,step_length,
382,device,Mb_displacement_actuator,Mb_displacement_actuator_14_3,step_length,
383,device,Mb_displacement_actuator,Mb_displacement_actuator_15_1,step_length,
384,device,Mb_displacement_actuator,Mb_displacement_actuator_15_2,step_length,
385,device,Mb_displacement_actuator,Mb_displacement_actuator_15_3,step_length,
386,device,Mb_displacement_actuator,Mb_displacement_actuator_16_1,step_length,
387,device,Mb_displacement_actuator,Mb_displacement_actuator_16_2,step_length,
388,device,Mb_displacement_actuator,Mb_displacement_actuator_16_3,step_length,
389,device,Mb_displacement_actuator,Mb_displacement_actuator_17_1,step_length,
390,device,Mb_displacement_actuator,Mb_displacement_actuator_17_2,step_length,
391,device,Mb_displacement_actuator,Mb_displacement_actuator_17_3,step_length,
392,device,Mb_displacement_actuator,Mb_displacement_actuator_18_1,step_length,
393,device,Mb_displacement_actuator,Mb_displacement_actuator_18_2,step_length,
394,device,Mb_displacement_actuator,Mb_displacement_actuator_18_3,step_length,
395,device,Mb_displacement_actuator,Mb_displacement_actuator_19_1,step_length,
396,device,Mb_displacement_actuator,Mb_displacement_actuator_19_2,step_length,
397,device,Mb_displacement_actuator,Mb_displacement_actuator_19_3,step_length,
398,device,Mb_displacement_actuator,Mb_displacement_actuator_20_1,step_length,
399,device,Mb_displacement_actuator,Mb_displacement_actuator_20_2,step_length,
400,device,Mb_displacement_actuator,Mb_displacement_actuator_20_3,step_length,
401,device,Mb_displacement_actuator,Mb_displacement_actuator_21_1,step_length,
402,device,Mb_displacement_actuator,Mb_displacement_actuator_21_2,step_length,
403,device,Mb_displacement_actuator,Mb_displacement_actuator_21_3,step_length,
404,device,Mb_displacement_actuator,Mb_displacement_actuator_22_1,step_length,
405,device,Mb_displacement_actuator,Mb_displacement_actuator_22_2,step_length,
406,device,Mb_displacement_actuator,Mb_displacement_actuator_22_3,step_length,
407,device,Mb_displacement_actuator,Mb_displacement_actuator_23_1,step_length,
408,device,Mb_displacement_actuator,Mb_displacement_actuator_23_2,step_length,
409,device,Mb_displacement_actuator,Mb_displacement_actuator_23_3,step_length,
410,device,Mb_displacement_actuator,Mb_displacement_actuator_24_1,step_length,
411,device,Mb_displacement_actuator,Mb_displacement_actuator_24_2,step_length,
412,device,Mb_displacement_actuator,Mb_displacement_actuator_24_3,step_length,
413,device,Mb_displacement_actuator,Mb_displacement_actuator_25_1,step_length,
414,device,Mb_displacement_actuator,Mb_displacement_actuator_25_2,step_length,
415,device,Mb_displacement_actuator,Mb_displacement_actuator_25_3,step_length,
416,device,Mb_displacement_actuator,Mb_displacement_actuator_26_1,step_length,
417,device,Mb_displacement_actuator,Mb_displacement_actuator_26_2,step_length,
418,device,Mb_displacement_actuator,Mb_displacement_actuator_26_3,step_length,
419,device,Mb_displacement_actuator,Mb_displacement_actuator_27_1,step_length,
420,device,Mb_displacement_actuator,Mb_displacement_actuator_27_2,step_length,
421,device,Mb_displacement_actuator,Mb_displacement_actuator_27_3,step_length,
422,device,Mb_displacement_actuator,Mb_displacement_actuator_28_1,step_length,
423,device,Mb_displacement_actuator,Mb_displacement_actuator_28_2,step_length,
424,device,Mb_displacement_actuator,Mb_displacement_actuator_28_3,step_length,
425,device,Mb_displacement_actuator,Mb_displacement_actuator_29_1,step_length,
426,device,Mb_displacement_actuator,Mb_displacement_actuator_29_2,step_length,
427,device,Mb_displacement_actuator,Mb_displacement_actuator_29_3,step_length,
428,device,Mb_displacement_actuator,Mb_displacement_actuator_30_1,step_length,
429,device,Mb_displacement_actuator,Mb_displacement_actuator_30_2,step_length,
430,device,Mb_displacement_actuator,Mb_displacement_actuator_30_3,step_length,
431,device,Mb_displacement_actuator,Mb_displacement_actuator_31_1,step_length,
432,device,Mb_displacement_actuator,Mb_displacement_actuator_31_2,step_length,
433,device,Mb_displacement_actuator,Mb_displacement_actuator_31_3,step_length,
434,device,Mb_displacement_actuator,Mb_displacement_actuator_32_1,step_length,
435,device,Mb_displacement_actuator,Mb_displacement_actuator_32_2,step_length,
436,device,Mb_displacement_actuator,Mb_displacement_actuator_32_3,step_length,
437,device,Mb_displacement_actuator,Mb_displacement_actuator_33_1,step_length,
438,device,Mb_displacement_actuator,Mb_displacement_actuator_33_2,step_length,
439,device,Mb_displacement_actuator,Mb_displacement_actuator_33_3,step_length,
440,device,Mb_displacement_actuator,Mb_displacement_actuator_34_1,step_length,
441,device,Mb_displacement_actuator,Mb_displacement_actuator_34_2,step_length,
442,device,Mb_displacement_actuator,Mb_displacement_actuator_34_3,step_length,
443,device,Mb_displacement_actuator,Mb_displacement_actuator_35_1,step_length,
444,device,Mb_displacement_actuator,Mb_displacement_actuator_35_2,step_length,
445,device,Mb_displacement_actuator,Mb_displacement_actuator_35_3,step_length,
446,device,Mb_displacement_actuator,Mb_displacement_actuator_36_1,step_length,
447,device,Mb_displacement_actuator,Mb_displacement_actuator_36_2,step_length,
448,device,Mb_displacement_actuator,Mb_displacement_actuator_36_3,step_length,
449,device,Mb_displacement_actuator,Mb_displacement_actuator_37_1,step_length,
450,device,Mb_displacement_actuator,Mb_displacement_actuator_37_2,step_length,
451,device,Mb_displacement_actuator,Mb_displacement_actuator_37_3,step_length,
452,device,Ma_force_actuator,Ma_force_actuator_01_1,force_value,
453,device,Ma_force_actuator,Ma_force_actuator_01_2,force_value,
454,device,Ma_force_actuator,Ma_force_actuator_01_3,force_value,
455,device,Ma_force_actuator,Ma_force_actuator_01_4,force_value,
456,device,Ma_force_actuator,Ma_force_actuator_01_5,force_value,
457,device,Ma_force_actuator,Ma_force_actuator_01_6,force_value,
458,device,Ma_force_actuator,Ma_force_actuator_01_7,force_value,
459,device,Ma_force_actuator,Ma_force_actuator_01_8,force_value,
460,device,Ma_force_actuator,Ma_force_actuator_01_9,force_value,
461,device,Ma_force_actuator,Ma_force_actuator_01_10,force_value,
462,device,Ma_force_actuator,Ma_force_actuator_01_11,force_value,
463,device,Ma_force_actuator,Ma_force_actuator_01_12,force_value,
464,device,Ma_force_actuator,Ma_force_actuator_01_13,force_value,
465,device,Ma_force_actuator,Ma_force_actuator_01_14,force_value,
466,device,Ma_force_actuator,Ma_force_actuator_01_15,force_value,
467,device,Ma_force_actuator,Ma_force_actuator_01_16,force_value,
468,device,Ma_force_actuator,Ma_force_actuator_01_17,force_value,
469,device,Ma_force_actuator,Ma_force_actuator_01_18,force_value,
470,device,Ma_force_actuator,Ma_force_actuator_01_19,force_value,
471,device,Ma_force_actuator,Ma_force_actuator_01_20,force_value,
472,device,Ma_force_actuator,Ma_force_actuator_01_21,force_value,
473,device,Ma_force_actuator,Ma_force_actuator_01_22,force_value,
474,device,Ma_force_actuator,Ma_force_actuator_01_23,force_value,
475,device,Ma_force_actuator,Ma_force_actuator_01_24,force_value,
476,device,Ma_force_actuator,Ma_force_actuator_01_25,force_value,
477,device,Ma_force_actuator,Ma_force_actuator_01_26,force_value,
478,device,Ma_force_actuator,Ma_force_actuator_01_27,force_value,
479,device,Ma_force_actuator,Ma_force_actuator_01_28,force_value,
480,device,Ma_force_actuator,Ma_force_actuator_01_29,force_value,
481,device,Ma_force_actuator,Ma_force_actuator_01_30,force_value,
482,device,Ma_force_actuator,Ma_force_actuator_01_31,force_value,
483,device,Ma_force_actuator,Ma_force_actuator_01_32,force_value,
484,device,Ma_force_actuator,Ma_force_actuator_01_33,force_value,
485,device,Ma_force_actuator,Ma_force_actuator_01_34,force_value,
486,device,Ma_force_actuator,Ma_force_actuator_02_1,force_value,
487,device,Ma_force_actuator,Ma_force_actuator_02_2,force_value,
488,device,Ma_force_actuator,Ma_force_actuator_02_3,force_value,
489,device,Ma_force_actuator,Ma_force_actuator_02_4,force_value,
490,device,Ma_force_actuator,Ma_force_actuator_02_5,force_value,
491,device,Ma_force_actuator,Ma_force_actuator_02_6,force_value,
492,device,Ma_force_actuator,Ma_force_actuator_02_7,force_value,
493,device,Ma_force_actuator,Ma_force_actuator_02_8,force_value,
494,device,Ma_force_actuator,Ma_force_actuator_02_9,force_value,
495,device,Ma_force_actuator,Ma_force_actuator_02_10,force_value,
496,device,Ma_force_actuator,Ma_force_actuator_02_11,force_value,
497,device,Ma_force_actuator,Ma_force_actuator_02_12,force_value,
498,device,Ma_force_actuator,Ma_force_actuator_02_13,force_value,
499,device,Ma_force_actuator,Ma_force_actuator_02_14,force_value,
500,device,Ma_force_actuator,Ma_force_actuator_02_15,force_value,
501,device,Ma_force_actuator,Ma_force_actuator_02_16,force_value,
502,device,Ma_force_actuator,Ma_force_actuator_02_17,force_value,
503,device,Ma_force_actuator,Ma_force_actuator_02_18,force_value,
504,device,Ma_force_actuator,Ma_force_actuator_02_19,force_value,
505,device,Ma_force_actuator,Ma_force_actuator_02_20,force_value,
506,device,Ma_force_actuator,Ma_force_actuator_02_21,force_value,
507,device,Ma_force_actuator,Ma_force_actuator_02_22,force_value,
508,device,Ma_force_actuator,Ma_force_actuator_02_23,force_value,
509,device,Ma_force_actuator,Ma_force_actuator_02_24,force_value,
510,device,Ma_force_actuator,Ma_force_actuator_02_25,force_value,
511,device,Ma_force_actuator,Ma_force_actuator_02_26,force_value,
512,device,Ma_force_actuator,Ma_force_actuator_02_27,force_value,
513,device,Ma_force_actuator,Ma_force_actuator_02_28,force_value,
514,device,Ma_force_actuator,Ma_force_actuator_02_29,force_value,
515,device,Ma_force_actuator,Ma_force_actuator_02_30,force_value,
516,device,Ma_force_actuator,Ma_force_actuator_02_31,force_value,
517,device,Ma_force_actuator,Ma_force_actuator_02_32,force_value,
518,device,Ma_force_actuator,Ma_force_actuator_02_33,force_value,
519,device,Ma_force_actuator,Ma_force_actuator_02_34,force_value,
520,device,Ma_force_actuator,Ma_force_actuator_03_1,force_value,
521,device,Ma_force_actuator,Ma_force_actuator_03_2,force_value,
522,device,Ma_force_actuator,Ma_force_actuator_03_3,force_value,
523,device,Ma_force_actuator,Ma_force_actuator_03_4,force_value,
524,device,Ma_force_actuator,Ma_force_actuator_03_5,force_value,
525,device,Ma_force_actuator,Ma_force_actuator_03_6,force_value,
526,device,Ma_force_actuator,Ma_force_actuator_03_7,force_value,
527,device,Ma_force_actuator,Ma_force_actuator_03_8,force_value,
528,device,Ma_force_actuator,Ma_force_actuator_03_9,force_value,
529,device,Ma_force_actuator,Ma_force_actuator_03_10,force_value,
530,device,Ma_force_actuator,Ma_force_actuator_03_11,force_value,
531,device,Ma_force_actuator,Ma_force_actuator_03_12,force_value,
532,device,Ma_force_actuator,Ma_force_actuator_03_13,force_value,
533,device,Ma_force_actuator,Ma_force_actuator_03_14,force_value,
534,device,Ma_force_actuator,Ma_force_actuator_03_15,force_value,
535,device,Ma_force_actuator,Ma_force_actuator_03_16,force_value,
536,device,Ma_force_actuator,Ma_force_actuator_03_17,force_value,
537,device,Ma_force_actuator,Ma_force_actuator_03_18,force_value,
538,device,Ma_force_actuator,Ma_force_actuator_03_19,force_value,
539,device,Ma_force_actuator,Ma_force_actuator_03_20,force_value,
540,device,Ma_force_actuator,Ma_force_actuator_03_21,force_value,
541,device,Ma_force_actuator,Ma_force_actuator_03_22,force_value,
542,device,Ma_force_actuator,Ma_force_actuator_03_23,force_value,
543,device,Ma_force_actuator,Ma_force_actuator_03_24,force_value,
544,device,Ma_force_actuator,Ma_force_actuator_03_25,force_value,
545,device,Ma_force_actuator,Ma_force_actuator_03_26,force_value,
546,device,Ma_force_actuator,Ma_force_actuator_03_27,force_value,
547,device,Ma_force_actuator,Ma_force_actuator_03_28,force_value,
548,device,Ma_force_actuator,Ma_force_actuator_03_29,force_value,
549,device,Ma_force_actuator,Ma_force_actuator_03_30,force_value,
550,device,Ma_force_actuator,Ma_force_actuator_03_31,force_value,
551,device,Ma_force_actuator,Ma_force_actuator_03_32,force_value,
552,device,Ma_force_actuator,Ma_force_actuator_03_33,force_value,
553,device,Ma_force_actuator,Ma_force_actuator_03_34,force_value,
554,device,Ma_force_actuator,Ma_force_actuator_04_1,force_value,
555,device,Ma_force_actuator,Ma_force_actuator_04_2,force_value,
556,device,Ma_force_actuator,Ma_force_actuator_04_3,force_value,
557,device,Ma_force_actuator,Ma_force_actuator_04_4,force_value,
558,device,Ma_force_actuator,Ma_force_actuator_04_5,force_value,
559,device,Ma_force_actuator,Ma_force_actuator_04_6,force_value,
560,device,Ma_force_actuator,Ma_force_actuator_04_7,force_value,
561,device,Ma_force_actuator,Ma_force_actuator_04_8,force_value,
562,device,Ma_force_actuator,Ma_force_actuator_04_9,force_value,
563,device,Ma_force_actuator,Ma_force_actuator_04_10,force_value,
564,device,Ma_force_actuator,Ma_force_actuator_04_11,force_value,
565,device,Ma_force_actuator,Ma_force_actuator_04_12,force_value,
566,device,Ma_force_actuator,Ma_force_actuator_04_13,force_value,
567,device,Ma_force_actuator,Ma_force_actuator_04_14,force_value,
568,device,Ma_force_actuator,Ma_force_actuator_04_15,force_value,
569,device,Ma_force_actuator,Ma_force_actuator_04_16,force_value,
570,device,Ma_force_actuator,Ma_force_actuator_04_17,force_value,
571,device,Ma_force_actuator,Ma_force_actuator_04_18,force_value,
572,device,Ma_force_actuator,Ma_force_actuator_04_19,force_value,
573,device,Ma_force_actuator,Ma_force_actuator_04_20,force_value,
574,device,Ma_force_actuator,Ma_force_actuator_04_21,force_value,
575,device,Ma_force_actuator,Ma_force_actuator_04_22,force_value,
576,device,Ma_force_actuator,Ma_force_actuator_04_23,force_value,
577,device,Ma_force_actuator,Ma_force_actuator_04_24,force_value,
578,device,Ma_force_actuator,Ma_force_actuator_04_25,force_value,
579,device,Ma_force_actuator,Ma_force_actuator_04_26,force_value,
580,device,Ma_force_actuator,Ma_force_actuator_04_27,force_value,
581,device,Ma_force_actuator,Ma_force_actuator_04_28,force_value,
582,device,Ma_force_actuator,Ma_force_actuator_04_29,force_value,
583,device,Ma_force_actuator,Ma_force_actuator_04_30,force_value,
584,device,Ma_force_actuator,Ma_force_actuator_04_31,force_value,
585,device,Ma_force_actuator,Ma_force_actuator_04_32,force_value,
586,device,Ma_force_actuator,Ma_force_actuator_04_33,force_value,
587,device,Ma_force_actuator,Ma_force_actuator_04_34,force_value,
588,device,Ma_force_actuator,Ma_force_actuator_05_1,force_value,
589,device,Ma_force_actuator,Ma_force_actuator_05_2,force_value,
590,device,Ma_force_actuator,Ma_force_actuator_05_3,force_value,
591,device,Ma_force_actuator,Ma_force_actuator_05_4,force_value,
592,device,Ma_force_actuator,Ma_force_actuator_05_5,force_value,
593,device,Ma_force_actuator,Ma_force_actuator_05_6,force_value,
594,device,Ma_force_actuator,Ma_force_actuator_05_7,force_value,
595,device,Ma_force_actuator,Ma_force_actuator_05_8,force_value,
596,device,Ma_force_actuator,Ma_force_actuator_05_9,force_value,
597,device,Ma_force_actuator,Ma_force_actuator_05_10,force_value,
598,device,Ma_force_actuator,Ma_force_actuator_05_11,force_value,
599,device,Ma_force_actuator,Ma_force_actuator_05_12,force_value,
600,device,Ma_force_actuator,Ma_force_actuator_05_13,force_value,
601,device,Ma_force_actuator,Ma_force_actuator_05_14,force_value,
602,device,Ma_force_actuator,Ma_force_actuator_05_15,force_value,
603,device,Ma_force_actuator,Ma_force_actuator_05_16,force_value,
604,device,Ma_force_actuator,Ma_force_actuator_05_17,force_value,
605,device,Ma_force_actuator,Ma_force_actuator_05_18,force_value,
606,device,Ma_force_actuator,Ma_force_actuator_05_19,force_value,
607,device,Ma_force_actuator,Ma_force_actuator_05_20,force_value,
608,device,Ma_force_actuator,Ma_force_actuator_05_21,force_value,
609,device,Ma_force_actuator,Ma_force_actuator_05_22,force_value,
610,device,Ma_force_actuator,Ma_force_actuator_05_23,force_value,
611,device,Ma_force_actuator,Ma_force_actuator_05_24,force_value,
612,device,Ma_force_actuator,Ma_force_actuator_05_25,force_value,
613,device,Ma_force_actuator,Ma_force_actuator_05_26,force_value,
614,device,Ma_force_actuator,Ma_force_actuator_05_27,force_value,
615,device,Ma_force_actuator,Ma_force_actuator_05_28,force_value,
616,device,Ma_force_actuator,Ma_force_actuator_05_29,force_value,
617,device,Ma_force_actuator,Ma_force_actuator_05_30,force_value,
618,device,Ma_force_actuator,Ma_force_actuator_05_31,force_value,
619,device,Ma_force_actuator,Ma_force_actuator_05_32,force_value,
620,device,Ma_force_actuator,Ma_force_actuator_05_33,force_value,
621,device,Ma_force_actuator,Ma_force_actuator_05_34,force_value,
622,device,Ma_force_actuator,Ma_force_actuator_06_1,force_value,
623,device,Ma_force_actuator,Ma_force_actuator_06_2,force_value,
624,device,Ma_force_actuator,Ma_force_actuator_06_3,force_value,
625,device,Ma_force_actuator,Ma_force_actuator_06_4,force_value,
626,device,Ma_force_actuator,Ma_force_actuator_06_5,force_value,
627,device,Ma_force_actuator,Ma_force_actuator_06_6,force_value,
628,device,Ma_force_actuator,Ma_force_actuator_06_7,force_value,
629,device,Ma_force_actuator,Ma_force_actuator_06_8,force_value,
630,device,Ma_force_actuator,Ma_force_actuator_06_9,force_value,
631,device,Ma_force_actuator,Ma_force_actuator_06_10,force_value,
632,device,Ma_force_actuator,Ma_force_actuator_06_11,force_value,
633,device,Ma_force_actuator,Ma_force_actuator_06_12,force_value,
634,device,Ma_force_actuator,Ma_force_actuator_06_13,force_value,
635,device,Ma_force_actuator,Ma_force_actuator_06_14,force_value,
636,device,Ma_force_actuator,Ma_force_actuator_06_15,force_value,
637,device,Ma_force_actuator,Ma_force_actuator_06_16,force_value,
638,device,Ma_force_actuator,Ma_force_actuator_06_17,force_value,
639,device,Ma_force_actuator,Ma_force_actuator_06_18,force_value,
640,device,Ma_force_actuator,Ma_force_actuator_06_19,force_value,
641,device,Ma_force_actuator,Ma_force_actuator_06_20,force_value,
642,device,Ma_force_actuator,Ma_force_actuator_06_21,force_value,
643,device,Ma_force_actuator,Ma_force_actuator_06_22,force_value,
644,device,Ma_force_actuator,Ma_force_actuator_06_23,force_value,
645,device,Ma_force_actuator,Ma_force_actuator_06_24,force_value,
646,device,Ma_force_actuator,Ma_force_actuator_06_25,force_value,
647,device,Ma_force_actuator,Ma_force_actuator_06_26,force_value,
648,device,Ma_force_actuator,Ma_force_actuator_06_27,force_value,
649,device,Ma_force_actuator,Ma_force_actuator_06_28,force_value,
650,device,Ma_force_actuator,Ma_force_actuator_06_29,force_value,
651,device,Ma_force_actuator,Ma_force_actuator_06_30,force_value,
652,device,Ma_force_actuator,Ma_force_actuator_06_31,force_value,
653,device,Ma_force_actuator,Ma_force_actuator_06_32,force_value,
654,device,Ma_force_actuator,Ma_force_actuator_06_33,force_value,
655,device,Ma_force_actuator,Ma_force_actuator_06_34,force_value,
656,device,Ma_force_actuator,Ma_force_actuator_07_1,force_value,
657,device,Ma_force_actuator,Ma_force_actuator_07_2,force_value,
658,device,Ma_force_actuator,Ma_force_actuator_07_3,force_value,
659,device,Ma_force_actuator,Ma_force_actuator_07_4,force_value,
660,device,Ma_force_actuator,Ma_force_actuator_07_5,force_value,
661,device,Ma_force_actuator,Ma_force_actuator_07_6,force_value,
662,device,Ma_force_actuator,Ma_force_actuator_07_7,force_value,
663,device,Ma_force_actuator,Ma_force_actuator_07_8,force_value,
664,device,Ma_force_actuator,Ma_force_actuator_07_9,force_value,
665,device,Ma_force_actuator,Ma_force_actuator_07_10,force_value,
666,device,Ma_force_actuator,Ma_force_actuator_07_11,force_value,
667,device,Ma_force_actuator,Ma_force_actuator_07_12,force_value,
668,device,Ma_force_actuator,Ma_force_actuator_07_13,force_value,
669,device,Ma_force_actuator,Ma_force_actuator_07_14,force_value,
670,device,Ma_force_actuator,Ma_force_actuator_07_15,force_value,
671,device,Ma_force_actuator,Ma_force_actuator_07_16,force_value,
672,device,Ma_force_actuator,Ma_force_actuator_07_17,force_value,
673,device,Ma_force_actuator,Ma_force_actuator_07_18,force_value,
674,device,Ma_force_actuator,Ma_force_actuator_07_19,force_value,
675,device,Ma_force_actuator,Ma_force_actuator_07_20,force_value,
676,device,Ma_force_actuator,Ma_force_actuator_07_21,force_value,
677,device,Ma_force_actuator,Ma_force_actuator_07_22,force_value,
678,device,Ma_force_actuator,Ma_force_actuator_07_23,force_value,
679,device,Ma_force_actuator,Ma_force_actuator_07_24,force_value,
680,device,Ma_force_actuator,Ma_force_actuator_07_25,force_value,
681,device,Ma_force_actuator,Ma_force_actuator_07_26,force_value,
682,device,Ma_force_actuator,Ma_force_actuator_07_27,force_value,
683,device,Ma_force_actuator,Ma_force_actuator_07_28,force_value,
684,device,Ma_force_actuator,Ma_force_actuator_07_29,force_value,
685,device,Ma_force_actuator,Ma_force_actuator_07_30,force_value,
686,device,Ma_force_actuator,Ma_force_actuator_07_31,force_value,
687,device,Ma_force_actuator,Ma_force_actuator_07_32,force_value,
688,device,Ma_force_actuator,Ma_force_actuator_07_33,force_value,
689,device,Ma_force_actuator,Ma_force_actuator_07_34,force_value,
690,device,Ma_force_actuator,Ma_force_actuator_08_1,force_value,
691,device,Ma_force_actuator,Ma_force_actuator_08_2,force_value,
692,device,Ma_force_actuator,Ma_force_actuator_08_3,force_value,
693,device,Ma_force_actuator,Ma_force_actuator_08_4,force_value,
694,device,Ma_force_actuator,Ma_force_actuator_08_5,force_value,
695,device,Ma_force_actuator,Ma_force_actuator_08_6,force_value,
696,device,Ma_force_actuator,Ma_force_actuator_08_7,force_value,
697,device,Ma_force_actuator,Ma_force_actuator_08_8,force_value,
698,device,Ma_force_actuator,Ma_force_actuator_08_9,force_value,
699,device,Ma_force_actuator,Ma_force_actuator_08_10,force_value,
700,device,Ma_force_actuator,Ma_force_actuator_08_11,force_value,
701,device,Ma_force_actuator,Ma_force_actuator_08_12,force_value,
702,device,Ma_force_actuator,Ma_force_actuator_08_13,force_value,
703,device,Ma_force_actuator,Ma_force_actuator_08_14,force_value,
704,device,Ma_force_actuator,Ma_force_actuator_08_15,force_value,
705,device,Ma_force_actuator,Ma_force_actuator_08_16,force_value,
706,device,Ma_force_actuator,Ma_force_actuator_08_17,force_value,
707,device,Ma_force_actuator,Ma_force_actuator_08_18,force_value,
708,device,Ma_force_actuator,Ma_force_actuator_08_19,force_value,
709,device,Ma_force_actuator,Ma_force_actuator_08_20,force_value,
710,device,Ma_force_actuator,Ma_force_actuator_08_21,force_value,
711,device,Ma_force_actuator,Ma_force_actuator_08_22,force_value,
712,device,Ma_force_actuator,Ma_force_actuator_08_23,force_value,
713,device,Ma_force_actuator,Ma_force_actuator_08_24,force_value,
714,device,Ma_force_actuator,Ma_force_actuator_08_25,force_value,
715,device,Ma_force_actuator,Ma_force_actuator_08_26,force_value,
716,device,Ma_force_actuator,Ma_force_actuator_08_27,force_value,
717,device,Ma_force_actuator,Ma_force_actuator_08_28,force_value,
718,device,Ma_force_actuator,Ma_force_actuator_08_29,force_value,
719,device,Ma_force_actuator,Ma_force_actuator_08_30,force_value,
720,device,Ma_force_actuator,Ma_force_actuator_08_31,force_value,
721,device,Ma_force_actuator,Ma_force_actuator_08_32,force_value,
722,device,Ma_force_actuator,Ma_force_actuator_08_33,force_value,
723,device,Ma_force_actuator,Ma_force_actuator_08_34,force_value,
724,device,Ma_force_actuator,Ma_force_actuator_09_1,force_value,
725,device,Ma_force_actuator,Ma_force_actuator_09_2,force_value,
726,device,Ma_force_actuator,Ma_force_actuator_09_3,force_value,
727,device,Ma_force_actuator,Ma_force_actuator_09_4,force_value,
728,device,Ma_force_actuator,Ma_force_actuator_09_5,force_value,
729,device,Ma_force_actuator,Ma_force_actuator_09_6,force_value,
730,device,Ma_force_actuator,Ma_force_actuator_09_7,force_value,
731,device,Ma_force_actuator,Ma_force_actuator_09_8,force_value,
732,device,Ma_force_actuator,Ma_force_actuator_09_9,force_value,
733,device,Ma_force_actuator,Ma_force_actuator_09_10,force_value,
734,device,Ma_force_actuator,Ma_force_actuator_09_11,force_value,
735,device,Ma_force_actuator,Ma_force_actuator_09_12,force_value,
736,device,Ma_force_actuator,Ma_force_actuator_09_13,force_value,
737,device,Ma_force_actuator,Ma_force_actuator_09_14,force_value,
738,device,Ma_force_actuator,Ma_force_actuator_09_15,force_value,
739,device,Ma_force_actuator,Ma_force_actuator_09_16,force_value,
740,device,Ma_force_actuator,Ma_force_actuator_09_17,force_value,
741,device,Ma_force_actuator,Ma_force_actuator_09_18,force_value,
742,device,Ma_force_actuator,Ma_force_actuator_09_19,force_value,
743,device,Ma_force_actuator,Ma_force_actuator_09_20,force_value,
744,device,Ma_force_actuator,Ma_force_actuator_09_21,force_value,
745,device,Ma_force_actuator,Ma_force_actuator_09_22,force_value,
746,device,Ma_force_actuator,Ma_force_actuator_09_23,force_value,
747,device,Ma_force_actuator,Ma_force_actuator_09_24,force_value,
748,device,Ma_force_actuator,Ma_force_actuator_09_25,force_value,
749,device,Ma_force_actuator,Ma_force_actuator_09_26,force_value,
750,device,Ma_force_actuator,Ma_force_actuator_09_27,force_value,
751,device,Ma_force_actuator,Ma_force_actuator_09_28,force_value,
752,device,Ma_force_actuator,Ma_force_actuator_09_29,force_value,
753,device,Ma_force_actuator,Ma_force_actuator_09_30,force_value,
754,device,Ma_force_actuator,Ma_force_actuator_09_31,force_value,
755,device,Ma_force_actuator,Ma_force_actuator_09_32,force_value,
756,device,Ma_force_actuator,Ma_force_actuator_09_33,force_value,
757,device,Ma_force_actuator,Ma_force_actuator_09_34,force_value,
758,device,Ma_force_actuator,Ma_force_actuator_10_1,force_value,
759,device,Ma_force_actuator,Ma_force_actuator_10_2,force_value,
760,device,Ma_force_actuator,Ma_force_actuator_10_3,force_value,
761,device,Ma_force_actuator,Ma_force_actuator_10_4,force_value,
762,device,Ma_force_actuator,Ma_force_actuator_10_5,force_value,
763,device,Ma_force_actuator,Ma_force_actuator_10_6,force_value,
764,device,Ma_force_actuator,Ma_force_actuator_10_7,force_value,
765,device,Ma_force_actuator,Ma_force_actuator_10_8,force_value,
766,device,Ma_force_actuator,Ma_force_actuator_10_9,force_value,
767,device,Ma_force_actuator,Ma_force_actuator_10_10,force_value,
768,device,Ma_force_actuator,Ma_force_actuator_10_11,force_value,
769,device,Ma_force_actuator,Ma_force_actuator_10_12,force_value,
770,device,Ma_force_actuator,Ma_force_actuator_10_13,force_value,
771,device,Ma_force_actuator,Ma_force_actuator_10_14,force_value,
772,device,Ma_force_actuator,Ma_force_actuator_10_15,force_value,
773,device,Ma_force_actuator,Ma_force_actuator_10_16,force_value,
774,device,Ma_force_actuator,Ma_force_actuator_10_17,force_value,
775,device,Ma_force_actuator,Ma_force_actuator_10_18,force_value,
776,device,Ma_force_actuator,Ma_force_actuator_10_19,force_value,
777,device,Ma_force_actuator,Ma_force_actuator_10_20,force_value,
778,device,Ma_force_actuator,Ma_force_actuator_10_21,force_value,
779,device,Ma_force_actuator,Ma_force_actuator_10_22,force_value,
780,device,Ma_force_actuator,Ma_force_actuator_10_23,force_value,
781,device,Ma_force_actuator,Ma_force_actuator_10_24,force_value,
782,device,Ma_force_actuator,Ma_force_actuator_10_25,force_value,
783,device,Ma_force_actuator,Ma_force_actuator_10_26,force_value,
784,device,Ma_force_actuator,Ma_force_actuator_10_27,force_value,
785,device,Ma_force_actuator,Ma_force_actuator_10_28,force_value,
786,device,Ma_force_actuator,Ma_force_actuator_10_29,force_value,
787,device,Ma_force_actuator,Ma_force_actuator_10_30,force_value,
788,device,Ma_force_actuator,Ma_force_actuator_10_31,force_value,
789,device,Ma_force_actuator,Ma_force_actuator_10_32,force_value,
790,device,Ma_force_actuator,Ma_force_actuator_10_33,force_value,
791,device,Ma_force_actuator,Ma_force_actuator_10_34,force_value,
792,device,Ma_force_actuator,Ma_force_actuator_11_1,force_value,
793,device,Ma_force_actuator,Ma_force_actuator_11_2,force_value,
794,device,Ma_force_actuator,Ma_force_actuator_11_3,force_value,
795,device,Ma_force_actuator,Ma_force_actuator_11_4,force_value,
796,device,Ma_force_actuator,Ma_force_actuator_11_5,force_value,
797,device,Ma_force_actuator,Ma_force_actuator_11_6,force_value,
798,device,Ma_force_actuator,Ma_force_actuator_11_7,force_value,
799,device,Ma_force_actuator,Ma_force_actuator_11_8,force_value,
800,device,Ma_force_actuator,Ma_force_actuator_11_9,force_value,
801,device,Ma_force_actuator,Ma_force_actuator_11_10,force_value,
802,device,Ma_force_actuator,Ma_force_actuator_11_11,force_value,
803,device,Ma_force_actuator,Ma_force_actuator_11_12,force_value,
804,device,Ma_force_actuator,Ma_force_actuator_11_13,force_value,
805,device,Ma_force_actuator,Ma_force_actuator_11_14,force_value,
806,device,Ma_force_actuator,Ma_force_actuator_11_15,force_value,
807,device,Ma_force_actuator,Ma_force_actuator_11_16,force_value,
808,device,Ma_force_actuator,Ma_force_actuator_11_17,force_value,
809,device,Ma_force_actuator,Ma_force_actuator_11_18,force_value,
810,device,Ma_force_actuator,Ma_force_actuator_11_19,force_value,
811,device,Ma_force_actuator,Ma_force_actuator_11_20,force_value,
812,device,Ma_force_actuator,Ma_force_actuator_11_21,force_value,
813,device,Ma_force_actuator,Ma_force_actuator_11_22,force_value,
814,device,Ma_force_actuator,Ma_force_actuator_11_23,force_value,
815,device,Ma_force_actuator,Ma_force_actuator_11_24,force_value,
816,device,Ma_force_actuator,Ma_force_actuator_11_25,force_value,
817,device,Ma_force_actuator,Ma_force_actuator_11_26,force_value,
818,device,Ma_force_actuator,Ma_force_actuator_11_27,force_value,
819,device,Ma_force_actuator,Ma_force_actuator_11_28,force_value,
820,device,Ma_force_actuator,Ma_force_actuator_11_29,force_value,
821,device,Ma_force_actuator,Ma_force_actuator_11_30,force_value,
822,device,Ma_force_actuator,Ma_force_actuator_11_31,force_value,
823,device,Ma_force_actuator,Ma_force_actuator_11_32,force_value,
824,device,Ma_force_actuator,Ma_force_actuator_11_33,force_value,
825,device,Ma_force_actuator,Ma_force_actuator_11_34,force_value,
826,device,Ma_force_actuator,Ma_force_actuator_12_1,force_value,
827,device,Ma_force_actuator,Ma_force_actuator_12_2,force_value,
828,device,Ma_force_actuator,Ma_force_actuator_12_3,force_value,
829,device,Ma_force_actuator,Ma_force_actuator_12_4,force_value,
830,device,Ma_force_actuator,Ma_force_actuator_12_5,force_value,
831,device,Ma_force_actuator,Ma_force_actuator_12_6,force_value,
832,device,Ma_force_actuator,Ma_force_actuator_12_7,force_value,
833,device,Ma_force_actuator,Ma_force_actuator_12_8,force_value,
834,device,Ma_force_actuator,Ma_force_actuator_12_9,force_value,
835,device,Ma_force_actuator,Ma_force_actuator_12_10,force_value,
836,device,Ma_force_actuator,Ma_force_actuator_12_11,force_value,
837,device,Ma_force_actuator,Ma_force_actuator_12_12,force_value,
838,device,Ma_force_actuator,Ma_force_actuator_12_13,force_value,
839,device,Ma_force_actuator,Ma_force_actuator_12_14,force_value,
840,device,Ma_force_actuator,Ma_force_actuator_12_15,force_value,
841,device,Ma_force_actuator,Ma_force_actuator_12_16,force_value,
842,device,Ma_force_actuator,Ma_force_actuator_12_17,force_value,
843,device,Ma_force_actuator,Ma_force_actuator_12_18,force_value,
844,device,Ma_force_actuator,Ma_force_actuator_12_19,force_value,
845,device,Ma_force_actuator,Ma_force_actuator_12_20,force_value,
846,device,Ma_force_actuator,Ma_force_actuator_12_21,force_value,
847,device,Ma_force_actuator,Ma_force_actuator_12_22,force_value,
848,device,Ma_force_actuator,Ma_force_actuator_12_23,force_value,
849,device,Ma_force_actuator,Ma_force_actuator_12_24,force_value,
850,device,Ma_force_actuator,Ma_force_actuator_12_25,force_value,
851,device,Ma_force_actuator,Ma_force_actuator_12_26,force_value,
852,device,Ma_force_actuator,Ma_force_actuator_12_27,force_value,
853,device,Ma_force_actuator,Ma_force_actuator_12_28,force_value,
854,device,Ma_force_actuator,Ma_force_actuator_12_29,force_value,
855,device,Ma_force_actuator,Ma_force_actuator_12_30,force_value,
856,device,Ma_force_actuator,Ma_force_actuator_12_31,force_value,
857,device,Ma_force_actuator,Ma_force_actuator_12_32,force_value,
858,device,Ma_force_actuator,Ma_force_actuator_12_33,force_value,
859,device,Ma_force_actuator,Ma_force_actuator_12_34,force_value,
860,device,Ma_force_actuator,Ma_force_actuator_13_1,force_value,
861,device,Ma_force_actuator,Ma_force_actuator_13_2,force_value,
862,device,Ma_force_actuator,Ma_force_actuator_13_3,force_value,
863,device,Ma_force_actuator,Ma_force_actuator_13_4,force_value,
864,device,Ma_force_actuator,Ma_force_actuator_13_5,force_value,
865,device,Ma_force_actuator,Ma_force_actuator_13_6,force_value,
866,device,Ma_force_actuator,Ma_force_actuator_13_7,force_value,
867,device,Ma_force_actuator,Ma_force_actuator_13_8,force_value,
868,device,Ma_force_actuator,Ma_force_actuator_13_9,force_value,
869,device,Ma_force_actuator,Ma_force_actuator_13_10,force_value,
870,device,Ma_force_actuator,Ma_force_actuator_13_11,force_value,
871,device,Ma_force_actuator,Ma_force_actuator_13_12,force_value,
872,device,Ma_force_actuator,Ma_force_actuator_13_13,force_value,
873,device,Ma_force_actuator,Ma_force_actuator_13_14,force_value,
874,device,Ma_force_actuator,Ma_force_actuator_13_15,force_value,
875,device,Ma_force_actuator,Ma_force_actuator_13_16,force_value,
876,device,Ma_force_actuator,Ma_force_actuator_13_17,force_value,
877,device,Ma_force_actuator,Ma_force_actuator_13_18,force_value,
878,device,Ma_force_actuator,Ma_force_actuator_13_19,force_value,
879,device,Ma_force_actuator,Ma_force_actuator_13_20,force_value,
880,device,Ma_force_actuator,Ma_force_actuator_13_21,force_value,
881,device,Ma_force_actuator,Ma_force_actuator_13_22,force_value,
882,device,Ma_force_actuator,Ma_force_actuator_13_23,force_value,
883,device,Ma_force_actuator,Ma_force_actuator_13_24,force_value,
884,device,Ma_force_actuator,Ma_force_actuator_13_25,force_value,
885,device,Ma_force_actuator,Ma_force_actuator_13_26,force_value,
886,device,Ma_force_actuator,Ma_force_actuator_13_27,force_value,
887,device,Ma_force_actuator,Ma_force_actuator_13_28,force_value,
888,device,Ma_force_actuator,Ma_force_actuator_13_29,force_value,
889,device,Ma_force_actuator,Ma_force_actuator_13_30,force_value,
890,device,Ma_force_actuator,Ma_force_actuator_13_31,force_value,
891,device,Ma_force_actuator,Ma_force_actuator_13_32,force_value,
892,device,Ma_force_actuator,Ma_force_actuator_13_33,force_value,
893,device,Ma_force_actuator,Ma_force_actuator_13_34,force_value,
894,device,Ma_force_actuator,Ma_force_actuator_14_1,force_value,
895,device,Ma_force_actuator,Ma_force_actuator_14_2,force_value,
896,device,Ma_force_actuator,Ma_force_actuator_14_3,force_value,
897,device,Ma_force_actuator,Ma_force_actuator_14_4,force_value,
898,device,Ma_force_actuator,Ma_force_actuator_14_5,force_value,
899,device,Ma_force_actuator,Ma_force_actuator_14_6,force_value,
900,device,Ma_force_actuator,Ma_force_actuator_14_7,force_value,
901,device,Ma_force_actuator,Ma_force_actuator_14_8,force_value,
902,device,Ma_force_actuator,Ma_force_actuator_14_9,force_value,
903,device,Ma_force_actuator,Ma_force_actuator_14_10,force_value,
904,device,Ma_force_actuator,Ma_force_actuator_14_11,force_value,
905,device,Ma_force_actuator,Ma_force_actuator_14_12,force_value,
906,device,Ma_force_actuator,Ma_force_actuator_14_13,force_value,
907,device,Ma_force_actuator,Ma_force_actuator_14_14,force_value,
908,device,Ma_force_actuator,Ma_force_actuator_14_15,force_value,
909,device,Ma_force_actuator,Ma_force_actuator_14_16,force_value,
910,device,Ma_force_actuator,Ma_force_actuator_14_17,force_value,
911,device,Ma_force_actuator,Ma_force_actuator_14_18,force_value,
912,device,Ma_force_actuator,Ma_force_actuator_14_19,force_value,
913,device,Ma_force_actuator,Ma_force_actuator_14_20,force_value,
914,device,Ma_force_actuator,Ma_force_actuator_14_21,force_value,
915,device,Ma_force_actuator,Ma_force_actuator_14_22,force_value,
916,device,Ma_force_actuator,Ma_force_actuator_14_23,force_value,
917,device,Ma_force_actuator,Ma_force_actuator_14_24,force_value,
918,device,Ma_force_actuator,Ma_force_actuator_14_25,force_value,
919,device,Ma_force_actuator,Ma_force_actuator_14_26,force_value,
920,device,Ma_force_actuator,Ma_force_actuator_14_27,force_value,
921,device,Ma_force_actuator,Ma_force_actuator_14_28,force_value,
922,device,Ma_force_actuator,Ma_force_actuator_14_29,force_value,
923,device,Ma_force_actuator,Ma_force_actuator_14_30,force_value,
924,device,Ma_force_actuator,Ma_force_actuator_14_31,force_value,
925,device,Ma_force_actuator,Ma_force_actuator_14_32,force_value,
926,device,Ma_force_actuator,Ma_force_actuator_14_33,force_value,
927,device,Ma_force_actuator,Ma_force_actuator_14_34,force_value,
928,device,Ma_force_actuator,Ma_force_actuator_15_1,force_value,
929,device,Ma_force_actuator,Ma_force_actuator_15_2,force_value,
930,device,Ma_force_actuator,Ma_force_actuator_15_3,force_value,
931,device,Ma_force_actuator,Ma_force_actuator_15_4,force_value,
932,device,Ma_force_actuator,Ma_force_actuator_15_5,force_value,
933,device,Ma_force_actuator,Ma_force_actuator_15_6,force_value,
934,device,Ma_force_actuator,Ma_force_actuator_15_7,force_value,
935,device,Ma_force_actuator,Ma_force_actuator_15_8,force_value,
936,device,Ma_force_actuator,Ma_force_actuator_15_9,force_value,
937,device,Ma_force_actuator,Ma_force_actuator_15_10,force_value,
938,device,Ma_force_actuator,Ma_force_actuator_15_11,force_value,
939,device,Ma_force_actuator,Ma_force_actuator_15_12,force_value,
940,device,Ma_force_actuator,Ma_force_actuator_15_13,force_value,
941,device,Ma_force_actuator,Ma_force_actuator_15_14,force_value,
942,device,Ma_force_actuator,Ma_force_actuator_15_15,force_value,
943,device,Ma_force_actuator,Ma_force_actuator_15_16,force_value,
944,device,Ma_force_actuator,Ma_force_actuator_15_17,force_value,
945,device,Ma_force_actuator,Ma_force_actuator_15_18,force_value,
946,device,Ma_force_actuator,Ma_force_actuator_15_19,force_value,
947,device,Ma_force_actuator,Ma_force_actuator_15_20,force_value,
948,device,Ma_force_actuator,Ma_force_actuator_15_21,force_value,
949,device,Ma_force_actuator,Ma_force_actuator_15_22,force_value,
950,device,Ma_force_actuator,Ma_force_actuator_15_23,force_value,
951,device,Ma_force_actuator,Ma_force_actuator_15_24,force_value,
952,device,Ma_force_actuator,Ma_force_actuator_15_25,force_value,
953,device,Ma_force_actuator,Ma_force_actuator_15_26,force_value,
954,device,Ma_force_actuator,Ma_force_actuator_15_27,force_value,
955,device,Ma_force_actuator,Ma_force_actuator_15_28,force_value,
956,device,Ma_force_actuator,Ma_force_actuator_15_29,force_value,
957,device,Ma_force_actuator,Ma_force_actuator_15_30,force_value,
958,device,Ma_force_actuator,Ma_force_actuator_15_31,force_value,
959,device,Ma_force_actuator,Ma_force_actuator_15_32,force_value,
960,device,Ma_force_actuator,Ma_force_actuator_15_33,force_value,
961,device,Ma_force_actuator,Ma_force_actuator_15_34,force_value,
962,device,Ma_force_actuator,Ma_force_actuator_16_1,force_value,
963,device,Ma_force_actuator,Ma_force_actuator_16_2,force_value,
964,device,Ma_force_actuator,Ma_force_actuator_16_3,force_value,
965,device,Ma_force_actuator,Ma_force_actuator_16_4,force_value,
966,device,Ma_force_actuator,Ma_force_actuator_16_5,force_value,
967,device,Ma_force_actuator,Ma_force_actuator_16_6,force_value,
968,device,Ma_force_actuator,Ma_force_actuator_16_7,force_value,
969,device,Ma_force_actuator,Ma_force_actuator_16_8,force_value,
970,device,Ma_force_actuator,Ma_force_actuator_16_9,force_value,
971,device,Ma_force_actuator,Ma_force_actuator_16_10,force_value,
972,device,Ma_force_actuator,Ma_force_actuator_16_11,force_value,
973,device,Ma_force_actuator,Ma_force_actuator_16_12,force_value,
974,device,Ma_force_actuator,Ma_force_actuator_16_13,force_value,
975,device,Ma_force_actuator,Ma_force_actuator_16_14,force_value,
976,device,Ma_force_actuator,Ma_force_actuator_16_15,force_value,
977,device,Ma_force_actuator,Ma_force_actuator_16_16,force_value,
978,device,Ma_force_actuator,Ma_force_actuator_16_17,force_value,
979,device,Ma_force_actuator,Ma_force_actuator_16_18,force_value,
980,device,Ma_force_actuator,Ma_force_actuator_16_19,force_value,
981,device,Ma_force_actuator,Ma_force_actuator_16_20,force_value,
982,device,Ma_force_actuator,Ma_force_actuator_16_21,force_value,
983,device,Ma_force_actuator,Ma_force_actuator_16_22,force_value,
984,device,Ma_force_actuator,Ma_force_actuator_16_23,force_value,
985,device,Ma_force_actuator,Ma_force_actuator_16_24,force_value,
986,device,Ma_force_actuator,Ma_force_actuator_16_25,force_value,
987,device,Ma_force_actuator,Ma_force_actuator_16_26,force_value,
988,device,Ma_force_actuator,Ma_force_actuator_16_27,force_value,
989,device,Ma_force_actuator,Ma_force_actuator_16_28,force_value,
990,device,Ma_force_actuator,Ma_force_actuator_16_29,force_value,
991,device,Ma_force_actuator,Ma_force_actuator_16_30,force_value,
992,device,Ma_force_actuator,Ma_force_actuator_16_31,force_value,
993,device,Ma_force_actuator,Ma_force_actuator_16_32,force_value,
994,device,Ma_force_actuator,Ma_force_actuator_16_33,force_value,
995,device,Ma_force_actuator,Ma_force_actuator_16_34,force_value,
996,device,Ma_force_actuator,Ma_force_actuator_17_1,force_value,
997,device,Ma_force_actuator,Ma_force_actuator_17_2,force_value,
998,device,Ma_force_actuator,Ma_force_actuator_17_3,force_value,
999,device,Ma_force_actuator,Ma_force_actuator_17_4,force_value,
1000,device,Ma_force_actuator,Ma_force_actuator_17_5,force_value,
1001,device,Ma_force_actuator,Ma_force_actuator_17_6,force_value,
1002,device,Ma_force_actuator,Ma_force_actuator_17_7,force_value,
1003,device,Ma_force_actuator,Ma_force_actuator_17_8,force_value,
1004,device,Ma_force_actuator,Ma_force_actuator_17_9,force_value,
1005,device,Ma_force_actuator,Ma_force_actuator_17_10,force_value,
1006,device,Ma_force_actuator,Ma_force_actuator_17_11,force_value,
1007,device,Ma_force_actuator,Ma_force_actuator_17_12,force_value,
1008,device,Ma_force_actuator,Ma_force_actuator_17_13,force_value,
1009,device,Ma_force_actuator,Ma_force_actuator_17_14,force_value,
1010,device,Ma_force_actuator,Ma_force_actuator_17_15,force_value,
1011,device,Ma_force_actuator,Ma_force_actuator_17_16,force_value,
1012,device,Ma_force_actuator,Ma_force_actuator_17_17,force_value,
1013,device,Ma_force_actuator,Ma_force_actuator_17_18,force_value,
1014,device,Ma_force_actuator,Ma_force_actuator_17_19,force_value,
1015,device,Ma_force_actuator,Ma_force_actuator_17_20,force_value,
1016,device,Ma_force_actuator,Ma_force_actuator_17_21,force_value,
1017,device,Ma_force_actuator,Ma_force_actuator_17_22,force_value,
1018,device,Ma_force_actuator,Ma_force_actuator_17_23,force_value,
1019,device,Ma_force_actuator,Ma_force_actuator_17_24,force_value,
1020,device,Ma_force_actuator,Ma_force_actuator_17_25,force_value,
1021,device,Ma_force_actuator,Ma_force_actuator_17_26,force_value,
1022,device,Ma_force_actuator,Ma_force_actuator_17_27,force_value,
1023,device,Ma_force_actuator,Ma_force_actuator_17_28,force_value,
1024,device,Ma_force_actuator,Ma_force_actuator_17_29,force_value,
1025,device,Ma_force_actuator,Ma_force_actuator_17_30,force_value,
1026,device,Ma_force_actuator,Ma_force_actuator_17_31,force_value,
1027,device,Ma_force_actuator,Ma_force_actuator_17_32,force_value,
1028,device,Ma_force_actuator,Ma_force_actuator_17_33,force_value,
1029,device,Ma_force_actuator,Ma_force_actuator_17_34,force_value,
1030,device,Ma_force_actuator,Ma_force_actuator_18_1,force_value,
1031,device,Ma_force_actuator,Ma_force_actuator_18_2,force_value,
1032,device,Ma_force_actuator,Ma_force_actuator_18_3,force_value,
1033,device,Ma_force_actuator,Ma_force_actuator_18_4,force_value,
1034,device,Ma_force_actuator,Ma_force_actuator_18_5,force_value,
1035,device,Ma_force_actuator,Ma_force_actuator_18_6,force_value,
1036,device,Ma_force_actuator,Ma_force_actuator_18_7,force_value,
1037,device,Ma_force_actuator,Ma_force_actuator_18_8,force_value,
1038,device,Ma_force_actuator,Ma_force_actuator_18_9,force_value,
1039,device,Ma_force_actuator,Ma_force_actuator_18_10,force_value,
1040,device,Ma_force_actuator,Ma_force_actuator_18_11,force_value,
1041,device,Ma_force_actuator,Ma_force_actuator_18_12,force_value,
1042,device,Ma_force_actuator,Ma_force_actuator_18_13,force_value,
1043,device,Ma_force_actuator,Ma_force_actuator_18_14,force_value,
1044,device,Ma_force_actuator,Ma_force_actuator_18_15,force_value,
1045,device,Ma_force_actuator,Ma_force_actuator_18_16,force_value,
1046,device,Ma_force_actuator,Ma_force_actuator_18_17,force_value,
1047,device,Ma_force_actuator,Ma_force_actuator_18_18,force_value,
1048,device,Ma_force_actuator,Ma_force_actuator_18_19,force_value,
1049,device,Ma_force_actuator,Ma_force_actuator_18_20,force_value,
1050,device,Ma_force_actuator,Ma_force_actuator_18_21,force_value,
1051,device,Ma_force_actuator,Ma_force_actuator_18_22,force_value,
1052,device,Ma_force_actuator,Ma_force_actuator_18_23,force_value,
1053,device,Ma_force_actuator,Ma_force_actuator_18_24,force_value,
1054,device,Ma_force_actuator,Ma_force_actuator_18_25,force_value,
1055,device,Ma_force_actuator,Ma_force_actuator_18_26,force_value,
1056,device,Ma_force_actuator,Ma_force_actuator_18_27,force_value,
1057,device,Ma_force_actuator,Ma_force_actuator_18_28,force_value,
1058,device,Ma_force_actuator,Ma_force_actuator_18_29,force_value,
1059,device,Ma_force_actuator,Ma_force_actuator_18_30,force_value,
1060,device,Ma_force_actuator,Ma_force_actuator_18_31,force_value,
1061,device,Ma_force_actuator,Ma_force_actuator_18_32,force_value,
1062,device,Ma_force_actuator,Ma_force_actuator_18_33,force_value,
1063,device,Ma_force_actuator,Ma_force_actuator_18_34,force_value,
1064,device,Ma_force_actuator,Ma_force_actuator_19_1,force_value,
1065,device,Ma_force_actuator,Ma_force_actuator_19_2,force_value,
1066,device,Ma_force_actuator,Ma_force_actuator_19_3,force_value,
1067,device,Ma_force_actuator,Ma_force_actuator_19_4,force_value,
1068,device,Ma_force_actuator,Ma_force_actuator_19_5,force_value,
1069,device,Ma_force_actuator,Ma_force_actuator_19_6,force_value,
1070,device,Ma_force_actuator,Ma_force_actuator_19_7,force_value,
1071,device,Ma_force_actuator,Ma_force_actuator_19_8,force_value,
1072,device,Ma_force_actuator,Ma_force_actuator_19_9,force_value,
1073,device,Ma_force_actuator,Ma_force_actuator_19_10,force_value,
1074,device,Ma_force_actuator,Ma_force_actuator_19_11,force_value,
1075,device,Ma_force_actuator,Ma_force_actuator_19_12,force_value,
1076,device,Ma_force_actuator,Ma_force_actuator_19_13,force_value,
1077,device,Ma_force_actuator,Ma_force_actuator_19_14,force_value,
1078,device,Ma_force_actuator,Ma_force_actuator_19_15,force_value,
1079,device,Ma_force_actuator,Ma_force_actuator_19_16,force_value,
1080,device,Ma_force_actuator,Ma_force_actuator_19_17,force_value,
1081,device,Ma_force_actuator,Ma_force_actuator_19_18,force_value,
1082,device,Ma_force_actuator,Ma_force_actuator_19_19,force_value,
1083,device,Ma_force_actuator,Ma_force_actuator_19_20,force_value,
1084,device,Ma_force_actuator,Ma_force_actuator_19_21,force_value,
1085,device,Ma_force_actuator,Ma_force_actuator_19_22,force_value,
1086,device,Ma_force_actuator,Ma_force_actuator_19_23,force_value,
1087,device,Ma_force_actuator,Ma_force_actuator_19_24,force_value,
1088,device,Ma_force_actuator,Ma_force_actuator_19_25,force_value,
1089,device,Ma_force_actuator,Ma_force_actuator_19_26,force_value,
1090,device,Ma_force_actuator,Ma_force_actuator_19_27,force_value,
1091,device,Ma_force_actuator,Ma_force_actuator_19_28,force_value,
1092,device,Ma_force_actuator,Ma_force_actuator_19_29,force_value,
1093,device,Ma_force_actuator,Ma_force_actuator_19_30,force_value,
1094,device,Ma_force_actuator,Ma_force_actuator_19_31,force_value,
1095,device,Ma_force_actuator,Ma_force_actuator_19_32,force_value,
1096,device,Ma_force_actuator,Ma_force_actuator_19_33,force_value,
1097,device,Ma_force_actuator,Ma_force_actuator_19_34,force_value,
1098,device,Ma_force_actuator,Ma_force_actuator_20_1,force_value,
1099,device,Ma_force_actuator,Ma_force_actuator_20_2,force_value,
1100,device,Ma_force_actuator,Ma_force_actuator_20_3,force_value,
1101,device,Ma_force_actuator,Ma_force_actuator_20_4,force_value,
1102,device,Ma_force_actuator,Ma_force_actuator_20_5,force_value,
1103,device,Ma_force_actuator,Ma_force_actuator_20_6,force_value,
1104,device,Ma_force_actuator,Ma_force_actuator_20_7,force_value,
1105,device,Ma_force_actuator,Ma_force_actuator_20_8,force_value,
1106,device,Ma_force_actuator,Ma_force_actuator_20_9,force_value,
1107,device,Ma_force_actuator,Ma_force_actuator_20_10,force_value,
1108,device,Ma_force_actuator,Ma_force_actuator_20_11,force_value,
1109,device,Ma_force_actuator,Ma_force_actuator_20_12,force_value,
1110,device,Ma_force_actuator,Ma_force_actuator_20_13,force_value,
1111,device,Ma_force_actuator,Ma_force_actuator_20_14,force_value,
1112,device,Ma_force_actuator,Ma_force_actuator_20_15,force_value,
1113,device,Ma_force_actuator,Ma_force_actuator_20_16,force_value,
1114,device,Ma_force_actuator,Ma_force_actuator_20_17,force_value,
1115,device,Ma_force_actuator,Ma_force_actuator_20_18,force_value,
1116,device,Ma_force_actuator,Ma_force_actuator_20_19,force_value,
1117,device,Ma_force_actuator,Ma_force_actuator_20_20,force_value,
1118,device,Ma_force_actuator,Ma_force_actuator_20_21,force_value,
1119,device,Ma_force_actuator,Ma_force_actuator_20_22,force_value,
1120,device,Ma_force_actuator,Ma_force_actuator_20_23,force_value,
1121,device,Ma_force_actuator,Ma_force_actuator_20_24,force_value,
1122,device,Ma_force_actuator,Ma_force_actuator_20_25,force_value,
1123,device,Ma_force_actuator,Ma_force_actuator_20_26,force_value,
1124,device,Ma_force_actuator,Ma_force_actuator_20_27,force_value,
1125,device,Ma_force_actuator,Ma_force_actuator_20_28,force_value,
1126,device,Ma_force_actuator,Ma_force_actuator_20_29,force_value,
1127,device,Ma_force_actuator,Ma_force_actuator_20_30,force_value,
1128,device,Ma_force_actuator,Ma_force_actuator_20_31,force_value,
1129,device,Ma_force_actuator,Ma_force_actuator_20_32,force_value,
1130,device,Ma_force_actuator,Ma_force_actuator_20_33,force_value,
1131,device,Ma_force_actuator,Ma_force_actuator_20_34,force_value,
1132,device,Ma_force_actuator,Ma_force_actuator_21_1,force_value,
1133,device,Ma_force_actuator,Ma_force_actuator_21_2,force_value,
1134,device,Ma_force_actuator,Ma_force_actuator_21_3,force_value,
1135,device,Ma_force_actuator,Ma_force_actuator_21_4,force_value,
1136,device,Ma_force_actuator,Ma_force_actuator_21_5,force_value,
1137,device,Ma_force_actuator,Ma_force_actuator_21_6,force_value,
1138,device,Ma_force_actuator,Ma_force_actuator_21_7,force_value,
1139,device,Ma_force_actuator,Ma_force_actuator_21_8,force_value,
1140,device,Ma_force_actuator,Ma_force_actuator_21_9,force_value,
1141,device,Ma_force_actuator,Ma_force_actuator_21_10,force_value,
1142,device,Ma_force_actuator,Ma_force_actuator_21_11,force_value,
1143,device,Ma_force_actuator,Ma_force_actuator_21_12,force_value,
1144,device,Ma_force_actuator,Ma_force_actuator_21_13,force_value,
1145,device,Ma_force_actuator,Ma_force_actuator_21_14,force_value,
1146,device,Ma_force_actuator,Ma_force_actuator_21_15,force_value,
1147,device,Ma_force_actuator,Ma_force_actuator_21_16,force_value,
1148,device,Ma_force_actuator,Ma_force_actuator_21_17,force_value,
1149,device,Ma_force_actuator,Ma_force_actuator_21_18,force_value,
1150,device,Ma_force_actuator,Ma_force_actuator_21_19,force_value,
1151,device,Ma_force_actuator,Ma_force_actuator_21_20,force_value,
1152,device,Ma_force_actuator,Ma_force_actuator_21_21,force_value,
1153,device,Ma_force_actuator,Ma_force_actuator_21_22,force_value,
1154,device,Ma_force_actuator,Ma_force_actuator_21_23,force_value,
1155,device,Ma_force_actuator,Ma_force_actuator_21_24,force_value,
1156,device,Ma_force_actuator,Ma_force_actuator_21_25,force_value,
1157,device,Ma_force_actuator,Ma_force_actuator_21_26,force_value,
1158,device,Ma_force_actuator,Ma_force_actuator_21_27,force_value,
1159,device,Ma_force_actuator,Ma_force_actuator_21_28,force_value,
1160,device,Ma_force_actuator,Ma_force_actuator_21_29,force_value,
1161,device,Ma_force_actuator,Ma_force_actuator_21_30,force_value,
1162,device,Ma_force_actuator,Ma_force_actuator_21_31,force_value,
1163,device,Ma_force_actuator,Ma_force_actuator_21_32,force_value,
1164,device,Ma_force_actuator,Ma_force_actuator_21_33,force_value,
1165,device,Ma_force_actuator,Ma_force_actuator_21_34,force_value,
1166,device,Ma_force_actuator,Ma_force_actuator_22_1,force_value,
1167,device,Ma_force_actuator,Ma_force_actuator_22_2,force_value,
1168,device,Ma_force_actuator,Ma_force_actuator_22_3,force_value,
1169,device,Ma_force_actuator,Ma_force_actuator_22_4,force_value,
1170,device,Ma_force_actuator,Ma_force_actuator_22_5,force_value,
1171,device,Ma_force_actuator,Ma_force_actuator_22_6,force_value,
1172,device,Ma_force_actuator,Ma_force_actuator_22_7,force_value,
1173,device,Ma_force_actuator,Ma_force_actuator_22_8,force_value,
1174,device,Ma_force_actuator,Ma_force_actuator_22_9,force_value,
1175,device,Ma_force_actuator,Ma_force_actuator_22_10,force_value,
1176,device,Ma_force_actuator,Ma_force_actuator_22_11,force_value,
1177,device,Ma_force_actuator,Ma_force_actuator_22_12,force_value,
1178,device,Ma_force_actuator,Ma_force_actuator_22_13,force_value,
1179,device,Ma_force_actuator,Ma_force_actuator_22_14,force_value,
1180,device,Ma_force_actuator,Ma_force_actuator_22_15,force_value,
1181,device,Ma_force_actuator,Ma_force_actuator_22_16,force_value,
1182,device,Ma_force_actuator,Ma_force_actuator_22_17,force_value,
1183,device,Ma_force_actuator,Ma_force_actuator_22_18,force_value,
1184,device,Ma_force_actuator,Ma_force_actuator_22_19,force_value,
1185,device,Ma_force_actuator,Ma_force_actuator_22_20,force_value,
1186,device,Ma_force_actuator,Ma_force_actuator_22_21,force_value,
1187,device,Ma_force_actuator,Ma_force_actuator_22_22,force_value,
1188,device,Ma_force_actuator,Ma_force_actuator_22_23,force_value,
1189,device,Ma_force_actuator,Ma_force_actuator_22_24,force_value,
1190,device,Ma_force_actuator,Ma_force_actuator_22_25,force_value,
1191,device,Ma_force_actuator,Ma_force_actuator_22_26,force_value,
1192,device,Ma_force_actuator,Ma_force_actuator_22_27,force_value,
1193,device,Ma_force_actuator,Ma_force_actuator_22_28,force_value,
1194,device,Ma_force_actuator,Ma_force_actuator_22_29,force_value,
1195,device,Ma_force_actuator,Ma_force_actuator_22_30,force_value,
1196,device,Ma_force_actuator,Ma_force_actuator_22_31,force_value,
1197,device,Ma_force_actuator,Ma_force_actuator_22_32,force_value,
1198,device,Ma_force_actuator,Ma_force_actuator_22_33,force_value,
1199,device,Ma_force_actuator,Ma_force_actuator_22_34,force_value,
1200,device,Ma_force_actuator,Ma_force_actuator_23_1,force_value,
1201,device,Ma_force_actuator,Ma_force_actuator_23_2,force_value,
1202,device,Ma_force_actuator,Ma_force_actuator_23_3,force_value,
1203,device,Ma_force_actuator,Ma_force_actuator_23_4,force_value,
1204,device,Ma_force_actuator,Ma_force_actuator_23_5,force_value,
1205,device,Ma_force_actuator,Ma_force_actuator_23_6,force_value,
1206,device,Ma_force_actuator,Ma_force_actuator_23_7,force_value,
1207,device,Ma_force_actuator,Ma_force_actuator_23_8,force_value,
1208,device,Ma_force_actuator,Ma_force_actuator_23_9,force_value,
1209,device,Ma_force_actuator,Ma_force_actuator_23_10,force_value,
1210,device,Ma_force_actuator,Ma_force_actuator_23_11,force_value,
1211,device,Ma_force_actuator,Ma_force_actuator_23_12,force_value,
1212,device,Ma_force_actuator,Ma_force_actuator_23_13,force_value,
1213,device,Ma_force_actuator,Ma_force_actuator_23_14,force_value,
1214,device,Ma_force_actuator,Ma_force_actuator_23_15,force_value,
1215,device,Ma_force_actuator,Ma_force_actuator_23_16,force_value,
1216,device,Ma_force_actuator,Ma_force_actuator_23_17,force_value,
1217,device,Ma_force_actuator,Ma_force_actuator_23_18,force_value,
1218,device,Ma_force_actuator,Ma_force_actuator_23_19,force_value,
1219,device,Ma_force_actuator,Ma_force_actuator_23_20,force_value,
1220,device,Ma_force_actuator,Ma_force_actuator_23_21,force_value,
1221,device,Ma_force_actuator,Ma_force_actuator_23_22,force_value,
1222,device,Ma_force_actuator,Ma_force_actuator_23_23,force_value,
1223,device,Ma_force_actuator,Ma_force_actuator_23_24,force_value,
1224,device,Ma_force_actuator,Ma_force_actuator_23_25,force_value,
1225,device,Ma_force_actuator,Ma_force_actuator_23_26,force_value,
1226,device,Ma_force_actuator,Ma_force_actuator_23_27,force_value,
1227,device,Ma_force_actuator,Ma_force_actuator_23_28,force_value,
1228,device,Ma_force_actuator,Ma_force_actuator_23_29,force_value,
1229,device,Ma_force_actuator,Ma_force_actuator_23_30,force_value,
1230,device,Ma_force_actuator,Ma_force_actuator_23_31,force_value,
1231,device,Ma_force_actuator,Ma_force_actuator_23_32,force_value,
1232,device,Ma_force_actuator,Ma_force_actuator_23_33,force_value,
1233,device,Ma_force_actuator,Ma_force_actuator_23_34,force_value,
1234,device,Ma_force_actuator,Ma_force_actuator_24_1,force_value,
1235,device,Ma_force_actuator,Ma_force_actuator_24_2,force_value,
1236,device,Ma_force_actuator,Ma_force_actuator_24_3,force_value,
1237,device,Ma_force_actuator,Ma_force_actuator_24_4,force_value,
1238,device,Ma_force_actuator,Ma_force_actuator_24_5,force_value,
1239,device,Ma_force_actuator,Ma_force_actuator_24_6,force_value,
1240,device,Ma_force_actuator,Ma_force_actuator_24_7,force_value,
1241,device,Ma_force_actuator,Ma_force_actuator_24_8,force_value,
1242,device,Ma_force_actuator,Ma_force_actuator_24_9,force_value,
1243,device,Ma_force_actuator,Ma_force_actuator_24_10,force_value,
1244,device,Ma_force_actuator,Ma_force_actuator_24_11,force_value,
1245,device,Ma_force_actuator,Ma_force_actuator_24_12,force_value,
1246,device,Ma_force_actuator,Ma_force_actuator_24_13,force_value,
1247,device,Ma_force_actuator,Ma_force_actuator_24_14,force_value,
1248,device,Ma_force_actuator,Ma_force_actuator_24_15,force_value,
1249,device,Ma_force_actuator,Ma_force_actuator_24_16,force_value,
1250,device,Ma_force_actuator,Ma_force_actuator_24_17,force_value,
1251,device,Ma_force_actuator,Ma_force_actuator_24_18,force_value,
1252,device,Ma_force_actuator,Ma_force_actuator_24_19,force_value,
1253,device,Ma_force_actuator,Ma_force_actuator_24_20,force_value,
1254,device,Ma_force_actuator,Ma_force_actuator_24_21,force_value,
1255,device,Ma_force_actuator,Ma_force_actuator_24_22,force_value,
1256,device,Ma_force_actuator,Ma_force_actuator_24_23,force_value,
1257,device,Ma_force_actuator,Ma_force_actuator_24_24,force_value,
1258,device,Ma_force_actuator,Ma_force_actuator_24_25,force_value,
1259,device,Ma_force_actuator,Ma_force_actuator_24_26,force_value,
1260,device,Ma_force_actuator,Ma_force_actuator_24_27,force_value,
1261,device,Ma_force_actuator,Ma_force_actuator_24_28,force_value,
1262,device,Ma_force_actuator,Ma_force_actuator_24_29,force_value,
1263,device,Ma_force_actuator,Ma_force_actuator_24_30,force_value,
1264,device,Ma_force_actuator,Ma_force_actuator_24_31,force_value,
1265,device,Ma_force_actuator,Ma_force_actuator_24_32,force_value,
1266,device,Ma_force_actuator,Ma_force_actuator_24_33,force_value,
1267,device,Ma_force_actuator,Ma_force_actuator_24_34,force_value,
1268,device,active_optics_control_system,Target_star,star_image_size,
1269,device,active_optics_control_system,Ma_wavefront_sensor,,
1270,device,active_optics_control_system,Mb_wavefront_sensor,,
1271,device,terminal_instrument,acquisition_CCD_camera_00,star_image_size,
1272,device,terminal_instrument,acquisition_CCD_camera_01,star_image_size,
1273,device,terminal_instrument,acquisition_CCD_camera_02,star_image_size,
1274,device,terminal_instrument,acquisition_CCD_camera_03,star_image_size,
1275,device,terminal_instrument,acquisition_CCD_camera_04,star_image_size,
1276,device,terminal_instrument,acquisition_CCD_camera_05,star_image_size,
1277,device,terminal_instrument,acquisition_CCD_camera_06,star_image_size,
1278,device,terminal_instrument,acquisition_CCD_camera_07,star_image_size,
1279,device,terminal_instrument,spectrograph,,
1280,enviroment,climatic_conditions,site_wind,wind_speed,wind_direction
1281,enviroment,climatic_conditions,site_temperature,temperature_value,
1282,enviroment,climatic_conditions,site_humidity,humidity,
1283,enviroment,climatic_conditions,doom_wind,wind_speed,wind_direction
1284,enviroment,climatic_conditions,doom_temperature,temperature_value,
1285,enviroment,climatic_conditions,doom_humidity,humidity,
1286,enviroment,site_environment,elevation,elevation,
1287,enviroment,site_environment,atmospheric_seeing,seeing_value,
1288,enviroment,site_environment,luminosity_of_night_sky,,
1289,enviroment,site_environment,atmospheric_extinction,,
1290,enviroment,site_environment,atmospheric_scattering,,
1291,enviroment,site_environment,Dome_seeing,seeing_value,
1292,staff,staff,astronomor,,
1293,staff,staff,operator,,
1294,staff,staff,maintainer,,